Date,ADP,ALLE,AME,AOS,AXON,BA,BLDR,BR,CARR,CAT,CHRW,CMI,CPRT,CSX,CTAS,DAL,DAY,DE,DOV,EFX,EMR,ETN,EXPD,FAST,FDX,FTV,GD,GE,GEV,GNRC,GWW,HII,HON,HUBB,HWM,IEX,IR,ITW,J,JBHT,JCI,LDOS,LHX,LII,LMT,LUV,MAS,MMM,NDSN,NOC,NSC,ODFL,OTIS,PAYC,PAYX,PCAR,PH,PNR,PWR,ROK,ROL,RSG,RTX,SNA,SWK,TDG,TT,TXT,UAL,UBER,UNP,UPS,URI,VLTO,VRSK,WAB,WM,XYL
2025-01-03,0.007043000926015841,0.012364833812304576,0.006953468177493205,0.018862388301109423,0.007661498766178942,-0.011462159054347443,0.014438675260223244,0.010580618381224927,0.013610389225203079,0.01117384389296694,0.016151064279810168,0.01927232259911804,0.01047585503879378,0.005596973535779259,0.020649128576679443,-0.0011850503564957426,0.015828509078007036,0.009660949212907388,0.012874314844323331,0.008999309645006726,0.010312671731685263,0.03199189656641077,0.011452487012675983,0.008156396463367965,0.00047391065010882194,0.020024172146918318,0.009041668443724227,0.019989442534779744,0.04452111475461851,0.011974553393710119,0.011788326003578709,0.0025052909634040166,0.0044342135373005576,0.02611967790591274,0.017781425608294654,0.004658897770191572,0.02176319790253256,0.009038930411355395,0.006317614229395696,0.026986089455479645,0.012286334309993263,0.02686667253520758,0.011525826109987536,0.013547861507954506,-0.0008916337907062255,0.007192141175349498,0.008098124215291769,0.0013106695534979007,0.012635886439464894,-0.000405999980782612,0.00545608543770304,0.029477019884275535,0.007046865819398063,0.01221459476172937,0.008447619391666494,0.014310564496523126,0.012962149914115484,0.006573597253472396,0.03492854587605643,0.0067642759430037724,0.002823585904079051,0.004747878706426123,-0.001206787587247904,0.0028647926885796426,0.011016633352802563,0.01710382142932576,0.01944676130277534,-0.0007916496871573919,0.0025149100178354367,0.022478996519005534,0.010387594037338133,-0.0006458090043682807,0.007944003881447337,0.002087707746456946,0.010570891511433977,0.007831885297387098,0.005535092113079898,0.010608055047548248
2025-01-06,-0.015633124524519593,-0.008142541370678047,-0.0007797412579058083,0.004373103623375396,-0.05049408662897892,0.005179546288557546,0.011247622932149648,-0.01653362948473558,-0.007941176307591835,0.0011270202706563648,-0.00880892686068202,0.010413451288803888,-0.005798594574630389,-0.01051321230792357,-0.004035544103338284,0.017627174678041202,0.016822963005745928,-0.009994742289989533,0.0,-0.018272284210473555,-0.010936617863861464,0.017455771116943186,-0.001527675044948329,0.0039056349781150246,-0.001603375337483115,0.008168581415693543,-0.020427485179690397,0.0028494764044817433,0.048837776699747204,0.007426942595146535,1.895697557396936e-05,-0.007337343407545216,-0.02110185571220724,0.022252678612683097,-0.0025718193364039355,0.011110043234117573,-0.013190602263273954,-0.007649897061823396,-0.006950586195894726,0.0032988188543714436,-0.00813314689718847,0.00740738809476249,-0.026030961141484288,-0.004455723530014444,-0.032833837925523746,0.006545737485198488,0.012465398883767298,0.0032340607092651297,-0.002890594230039123,-0.02710441176441536,0.004578625837545092,0.009728591910275641,-0.00645924330437575,0.015549747553137427,-0.025846677352371894,0.022306941868536656,0.005206430169759635,-0.015238451911523176,0.004716468519061934,-0.0047031795557779255,-0.01126270912039029,-0.00044765266423874017,-0.015275777337980356,-0.004433649376068827,0.023402613886539303,-0.01900350527705541,0.006323647942235278,-0.004225476762196201,0.030312549193925342,0.026629529621046144,-0.006436294057493019,0.003392783615207451,-0.01626610918521265,0.0036706066696292616,-0.011871998500351144,0.00934627333857363,0.0005454627211249896,-0.002901566679589185
2025-01-07,0.0044231931674711955,-0.013166103057874468,-0.00412414490302504,-0.00870823811127397,-0.015209112056204788,0.010129966857388206,-0.015997162168929324,0.0039035713265165306,-0.007276856619602201,-0.0032948990640309095,0.005119850885145549,0.0054183808953562895,-0.006009193029069104,0.005937459172042914,0.01955699549409662,0.018987298766363958,-0.03403844018917668,-0.011315819142685868,-0.00026592767224264957,-0.013104997438672439,-0.011548814642987293,-0.013340571145186164,0.0026100781011528795,0.004724160580944492,0.003759504014199333,0.0016989462250736054,0.0064342541960391575,-0.0008118608925853366,-0.007540697227112481,0.005872813043509728,0.008292182163545325,0.012587012507460082,-0.005005940081836524,-0.014958596952325598,-0.0072019473651295796,-0.006306132782841978,-0.023118173006398735,-0.00706984622609419,-0.0076766928335634255,0.0004534141210525977,-0.0012615731531954166,-0.006340999890991905,-0.006314585230711489,0.002147628126249801,-0.004377751372630745,-0.028081567295323073,-0.019151919867856915,0.019034550978958897,-0.007392792183599561,-0.006042063405054199,0.003376017323288405,-0.011112927921310023,-0.0018419919653540617,-0.02381292156407211,0.023519028849141144,0.02163372575978917,-0.009001537424460415,-0.0084404398433513,-0.02514780602934108,-0.0005329805941689525,0.002190642111632668,0.010450313668867173,0.006135012008144702,0.0032279046476024753,-0.012099267821018445,0.0006473632871850654,-0.009282486503690013,0.002519421787183118,0.026782990745885638,-0.0024128493229617076,0.0023042391598384615,0.006199197842506221,0.0020612795786625338,0.004744557269130256,0.0019047074461078228,-0.016074491019679615,0.008078913313376734,-0.009072245804991441
2025-01-08,0.012101288217513329,0.007691103613266748,-0.0013431598637028141,0.005563723903319495,0.027240532997404587,-0.004347574192116066,0.001255879616124167,0.014006719056731454,0.003518454243550906,-0.005316768977027486,-0.004228791462559056,-0.0006390501624394807,0.009601655133606224,0.000310716245453202,0.02082443837926129,0.003922785598633016,-0.015443016308780644,-0.007912478286234537,-0.004042947275426201,0.010631410967102406,-0.0031487785259413092,0.003489181847138534,0.013375202485062632,0.008712630403551636,-0.00036362676710766095,0.0013045938819498115,0.0070095199061050995,0.0033661184707376446,-0.0055355953389103485,-0.014782639023680155,0.0057302971366852695,0.0032267510089682983,-0.002084893526675735,0.0018665843934426718,0.030360054366896927,0.003798066545358969,0.0007851410998123143,-0.003942272049515472,0.009480442369084185,0.007649673131454371,0.010989025935430163,-0.010522806498461268,0.020443374616255117,0.02336046448537643,0.010539750740572673,0.0,0.010878855948075472,0.013255914223092136,-0.016258635608954686,0.021706819519075493,-0.0035749778557647716,-0.005868033902689196,-0.0035823035856356045,-0.013260735793897527,0.007109123029453324,-0.009675041576414412,0.009870440687100412,0.008005706495143539,-0.0237954442569005,-0.006220802711826123,0.013114702661817024,0.019256344049096485,0.009756057607465785,0.003455952446624888,-0.0011022994490318405,0.02411086811155494,0.01615965208379233,0.005291130838108282,0.024799942287674126,-0.018745243162003877,0.0055522498744104976,0.01424229197853455,-0.022482739588541967,0.003443128242836435,0.025226660465493156,0.01126156711586157,0.015684150776760886,0.0011229117564697244
2025-01-10,-0.01726681523021434,-0.017056073507140668,-0.012888731877942594,-0.016016411637757244,-0.012713524983616331,0.0013973305824395155,-0.02466894276050735,-0.03499068060804733,-0.028341766386865808,-0.027889340233713367,-0.017855355405752782,-0.013537068681390485,-0.02007748175690527,-0.013043520326689984,-0.017388973277839392,0.09003569830896585,0.0022815295647480305,-0.00348774956718767,-0.019121946230497455,-0.015154569199817725,-0.01961762537521805,-0.010605264585222374,-0.033661117405490715,-0.01796004680248897,-0.015169021570192065,-0.019153112203098677,-0.007993245502090907,-0.006940856917736382,0.0016916993595703644,-0.007439116833344195,-0.015306156971398699,0.0018981402891187216,-0.008993093564659493,-0.033396965920766686,-0.020947493811062867,-0.013266943581194957,-0.024767503909794097,-0.010944617133334167,-0.005634914250472134,-0.01990667334580154,-0.017241303096492633,0.025317407304769057,0.0054550256067411595,-0.024793424066837377,-0.0017063489915144503,0.007299204957707861,-0.0048290695454938914,-0.024678478560617556,-0.009748167089007387,-0.007615546988473332,-0.012536397052685722,-0.017652258186398817,-0.011112405504617895,0.01293753414007548,-0.008484797834385605,-0.01769582601035513,-0.01786442668199928,-0.02513320749168546,0.00410002427716738,-0.02203463571951869,-0.005609485073599152,-0.0032373564307872638,-0.0069875160572848705,-0.01273681744121391,-0.018023518131410454,-0.015760466797686612,-0.023258226467594345,-0.004605296527923186,0.0326841433643541,0.016330264963650087,-0.02851351330656149,-0.027453447692344146,0.0014029617083726187,-0.018627538954429812,-0.04204405303269698,-0.012547811307266676,0.0032432520902219153,-0.016305885309435664
2025-01-13,0.01167856598113537,0.016242768210189773,0.0019869397633092145,0.015537165685991505,-0.002315802323190841,-0.008313910905704991,0.046513248031953225,0.015126854695303171,0.009021253963534592,0.03276347597412266,0.01778687824908043,0.017442534403759424,-0.0001796966506628639,0.003461307723206186,0.0068674331596187965,-0.027632307365959452,0.0018494416236272126,0.05223091306705574,0.016935379772137882,0.013136845382392348,0.004493830411667066,-0.001669349297635625,0.013658495914858904,0.017590353456161445,0.01425762022798227,0.010759844254772055,0.016539517392037517,-0.0006989101620449301,-0.0007900296460872092,0.014227580028199238,0.02232818159583516,0.026944474524328577,0.004170695863634277,0.0006186797107348152,0.018732274536859883,0.019464217453741384,0.01333021062081885,0.019599860566815952,0.014582647493503575,0.02834352784708205,0.008136212128204923,0.021413263257558324,0.027078956588789005,0.013851228925745973,0.032282997506237976,-0.013888892125786256,0.01982534807306502,0.025836440962407003,0.018538963909519257,0.029845833281571643,0.014619074054146974,0.024148294819248406,0.004296643952997226,-0.006039670948650766,0.010571024998918377,0.014824557598545951,0.012618228028064005,0.017221783221649245,0.002392476168998847,0.007790812446473394,0.008461651715480745,0.004508268726706177,0.0228476502827073,0.020058353941400986,0.009988808099096858,0.012954477641172524,-0.00037124119308540315,0.017448725537305032,-0.022406885558797773,-0.004092834128616052,0.00688246675197024,0.01403314288944646,0.02714107837579882,0.010389645111551715,0.025462541473027178,0.01572511833830914,0.0013510216642504957,0.014208082245233511
2025-01-14,0.005134381197310356,0.01161708427047059,0.015014127907425623,0.03817585515675903,0.01955404667019356,-0.020812586617352857,0.05311667040661705,0.01027533361186328,0.019222058112975393,0.02502072591003346,-0.007048391027402179,0.008807044747586534,0.010605790783025038,0.007839413327563438,0.008814275378366432,0.01827957332527408,0.0011360669289248726,0.00558248665154637,0.01097727153599326,0.019308454229465255,0.011142028531372361,-0.002170762306802132,0.005968485319357342,0.011661333538657725,0.01103452200589361,0.016559381602811563,0.005499186958597191,0.03083280500661867,0.04211999969679914,0.005135316644732768,0.011059703716598257,0.011735072696561488,-0.002738514253623925,0.018310979587058407,0.03869279121029945,0.02147300084465309,0.013835409944708887,0.013095749075968888,0.006478843712565796,0.013334816554465778,0.011475468667556443,0.0007861014765617735,0.004534382012332694,0.014874436970088833,0.002690492748739226,0.01439080584187713,0.03126708976931902,0.019390811631052607,0.017563657038619063,0.006604849268009083,0.007920470786055622,0.01632808079082526,0.00680115099647205,0.012351885711967991,0.00839668511449232,0.018860851166555337,0.014138184011414312,0.016626111815392308,0.018012307976375208,0.0052625092832156994,0.007960430793566564,-0.0010617096736770248,0.014693430775906569,0.0032724304749780497,0.018172803047048935,0.017419411019269804,0.01519977631021363,0.0139015171350092,0.028268542740457203,-0.013089812028896475,0.01155406012519511,0.006639370978479331,0.059072654480826214,0.012161463960228103,-0.007187723967043147,0.03263147435838132,-0.001734652520381852,-0.0019024442774038253
2025-01-15,0.005759516558319522,0.009094331062427186,0.005079602722740217,-0.004210672079306144,0.0003449675944158237,-0.004909635392423173,0.047260896506533534,0.004270844806137486,0.005848026068142609,0.008935120368491312,0.0018476295867515535,-0.009471519871710576,0.0032017129360981667,0.009956413503586559,0.017786445406365647,-0.011917340007814747,-0.0038297396179631793,-0.007934017355236578,0.010275408379687656,0.04434496731865112,0.007763629409220041,0.007173452055613927,0.0018878025045201419,0.007187632739158012,-0.003709965279770855,0.006851931681894241,0.003658705747753954,0.01939379868997526,0.01247839085700253,-0.002242994457019032,0.005037244396889573,0.006432694462685795,0.004759726937746844,0.0016814577925461371,0.022401274138654337,-4.6585749807315224e-05,0.012639785453475882,0.003280966256041129,0.007917241363541994,0.02714468152381655,-0.009599849180981224,0.016300073977544738,-0.003490173872264024,0.004858878722098003,-0.0010113950465986399,-0.009960860641844427,0.016213966372641053,0.004154217359981338,0.019622895623893744,-0.006729735426539429,0.0046814586644361444,0.017645152941945463,0.005120992843635541,0.010282449351418865,0.01806503315143604,-0.0051723224788569055,0.01438931123626297,0.01286402786498031,0.029791446130624122,-0.0031411317543724726,0.003415168930720469,0.013333322470411968,-0.003180766304959226,0.017072717878582777,0.012506137032290754,-0.005535315768827265,0.007420710499253191,0.006663250969248136,-0.025169491321253568,0.03362122807372603,0.006452174255944465,0.012952945708615937,0.015934593728868185,0.0017583059790022837,0.001170010441005731,0.011054922863966032,0.004006336727090165,0.0058048842365676645
2025-01-16,0.009748855843958681,0.012907632872052321,0.00444290765021349,0.0063425514833614915,0.01006901181977371,0.01642596737465185,-0.005447503160809997,0.012933506154862773,0.013662686546846992,0.015097619008971108,-0.0033000527756417153,0.015327048806576649,0.0,0.015711815717668998,0.012008244922210531,0.010381614224668212,-0.0007119898813571224,0.023852799228905486,0.019607794243202248,0.0026941234917969847,0.021288885242593203,0.007618686862343127,-0.0021534036453191296,0.0067321247986578125,0.002820051001421353,0.010529015908979922,0.010297274305757886,-0.0030505223013186367,0.010257579049348875,0.0008742312363059224,0.015539267076752461,0.011675953590194466,0.014348210136355677,0.011633670796496798,0.009190822302424628,0.012772135822479935,0.002430147795346116,0.00839242694578668,0.015489722818948781,-0.001876241202385498,0.012839889538259985,-0.001030580443347251,0.02026707736660982,0.019183205065912645,0.005971410883814476,-0.019512179050611533,0.005967150328351156,0.010161007694960755,0.011065009127436909,0.0188227858056893,0.028082927466698493,0.016375861140890624,0.010298046256565607,0.01270996443947281,0.017813730889975732,-0.0013682069665915675,0.0035652516774162812,0.009943875864623086,0.020551284305790674,0.017565579367100348,0.027440966202870065,0.010297474558361497,0.011503955153996381,-0.0015024013235278577,0.006955170438363689,0.022024993304454954,0.008585159672372278,0.003564103184479528,0.010956569511337166,0.023276712416094636,0.017456457643699075,0.019377169035430297,0.02148376093487614,0.014627005360951184,0.017019105984662275,-0.0046931564283893,0.014471170005418088,0.02463603979018325
2025-01-17,-0.00016893207036405844,0.007314283196420357,-0.000718723991868786,0.005742138292469834,0.013740931694574687,0.012786383447342953,0.021536109649013646,-0.0027700407048119047,-0.00114697808699471,0.014373949645314577,0.008666899660383143,2.735806760800763e-05,0.008865247987104752,-0.00727948444344273,0.0013127894974984677,-0.005439765032484556,-0.007979446511237054,0.03718888374510465,0.003085139223751421,-0.005184622345682954,0.010057602108217711,0.0031576554512897648,-0.007733118978834885,0.01752036963381931,-0.008184065028049914,0.0026683357193826307,-0.002767235270017432,0.01730278814556896,0.026624063830174682,0.005989560276882022,0.002927071280489413,0.007611191290395336,-0.0004939510384708301,0.007973797425774087,0.018864935852106246,-0.0041092977947140286,0.012451671737738312,0.0017583256129349856,0.006722969150538161,-0.07384526847717199,0.008451379308235252,0.0005803366506689223,-0.00146464733431928,0.007155610325410455,0.007106792242440152,-0.0018657450787628038,0.008381638634135768,0.013292310145046171,0.011972696936687344,0.0024730375853065922,-0.007162814000393092,-0.0019481932780560651,0.016845527703685192,0.005866504253338789,-0.0037453998507571695,0.007763912198621714,0.01639703713970464,0.0042892646497278974,0.0037776593717362417,0.02007400281372851,0.002691547368365077,0.008540933969002573,0.005395991963786484,0.008391204946010422,0.0035727208417637435,0.013615527551831041,0.0008486213334095716,0.004058891641119278,0.011968680009059485,-0.01808115281505518,-0.0026821300351052013,-0.001616162936924903,0.01792932985914919,-0.010667939485265343,0.00028721671286913164,0.011738181377283219,0.0033174785211309565,0.005968954902664025
2025-01-21,0.0066514057304403185,0.011078644307854768,0.021966460106953356,0.012254836936136604,0.01968378344991417,0.02612660772915798,0.012551776869861753,0.013671867440654628,0.01277627132914172,0.035750552344493425,0.017474420239471877,0.0022656910850240575,0.009490282712637077,0.016498679400576144,0.014724418856369326,0.03828627463133771,-0.00043100269330109686,0.01692860429301457,0.017069914852160695,0.03575906445339028,0.039749419255630025,0.03277697025384807,0.02165833472618628,0.0001313609613768918,0.0017084694800939548,0.02306420508247209,0.018599708779177826,0.025430604370789922,0.0363467965081159,0.017489406904970917,0.00710313972425114,0.029918583085529304,0.011187001462288348,0.02972245598469958,0.01484434937990775,0.01840601305243994,0.02394441691830651,0.01954144364955801,0.01414619312024934,0.011481518945211544,0.016514737226765108,0.03479832216318157,0.021543817640702123,0.024912765740065845,0.03257064249490371,0.03644865285283694,0.006010116607693794,0.041551404830453276,0.017561577768520298,0.04575233844980331,0.02653468413649218,0.004642533033221818,0.007702954013947272,0.00038244278781029983,-0.004306595046350226,-0.001993976516222906,0.013383855647946197,0.02261697740369817,0.06086643421866689,0.014549904945160952,0.004336158221194042,0.005661397864503259,0.03831224811215561,0.016298416859792608,0.027886635623580514,0.013425165275268158,0.020452714936601613,0.02577060416909749,0.02924193956010268,0.0059400289223632274,0.010543819920287634,0.024204077009698066,0.02334626542961904,0.0014570920703023127,0.005420936273010657,0.019634034622356245,0.005762453853946248,0.018886793892213927
2025-01-22,-0.006003714083225753,-0.021396369472161503,0.021656717364513467,-0.023662242232825315,0.0033355765366909207,-0.004328973099821831,-0.0024069919010333285,0.005994415841352074,-0.0073706309442019835,-0.0018827990430714259,-0.0013284166177321977,-0.003186515866860251,0.003830104908826071,-0.0009017161739673929,-0.010982447963196806,-0.008194430756147786,0.004454737811496079,-0.00734097186555549,0.0020160460905980226,-0.0014323297314375871,0.00355270612126235,0.03802815134117554,-0.003725370794453009,-0.006439756246681028,-0.018652181864964867,-0.006564993212874737,-0.010271300224380275,0.004586727484454878,0.026682725217801018,-0.032549045576960034,0.0012662246994150639,-0.016490143537107205,-0.008797304995984079,0.014387848144932658,-0.003538888604641577,0.0015023974315409028,0.0015943674715608314,-0.008607925124512139,0.0029031109026216306,0.002751827718655564,-0.004607254107884651,0.003300569736995218,-0.012563893909784962,-0.0004220238426841938,-0.013727350052776144,-0.042380510023117046,-0.0010169016025562971,0.015181414010783767,-0.003497078623319716,-0.004044046351932118,0.0,-0.008612026447881949,-0.0011519193070053113,-0.008076070143302694,-0.006041399929482383,-0.0024521342474279617,-0.005792861063123933,-0.00626480190924239,-0.0018714692970278612,-0.006259166550471873,-0.003700682943211575,-0.011445080710237865,-0.010894679736841995,-0.007284413488240049,-0.0036942593780766586,-0.002952857296182332,0.006068250091102456,-0.03435948451090376,-0.023072706295845347,0.0011810131912843858,-0.00392851421245155,-0.0024083780915619135,-0.008200153743651684,-0.003686013235676522,-0.002534972821231052,0.006467353370591233,-0.0069975061595376475,-0.0022965738983892203
2025-01-23,-0.0018895864352621583,0.008095075163402798,0.009167986128287398,0.0042269575922753155,0.009512885992631892,0.021167030226805217,0.01411507030474679,0.007703744828151615,-0.0021420616233234213,0.022107147349375467,0.01662707541985675,0.007950765680152516,-0.0008671390425400993,0.012936147622435223,-0.006130018699338935,-0.004868676560589091,0.001430593303836547,0.032561142769244045,0.0017101643416996826,-0.011034305483292539,0.00946588918382063,-0.004148446234878311,0.017628211814027406,-0.0018516633035564611,-0.0014792009140371931,0.00049875141362965,-0.0010415297063134377,0.06604373124360285,0.02484192471477198,-0.014994990325781665,-0.0013536983002632175,-0.005020230605603082,0.011520064492456017,-0.006719794555422709,0.008128812275692177,0.00936399920886899,-0.0018041436494297125,0.002932725410500492,-0.0004236742263717952,-0.026470727517877823,-0.0008526231394481165,-0.07572461863079716,-0.0012269801958866289,0.005457386294054345,-0.004125441337419322,0.00219705753947963,0.010815811603081649,0.0034200436027918,0.000364596987913135,-0.005254660782528897,0.017033935522833055,0.014566400114178757,0.008491451934085292,-0.011176939758245297,-0.00020724045393949453,0.002002871712665444,0.008302631358728885,-0.003247670419331161,-0.007220204574314604,0.006056427145859633,0.0033016265456919935,-0.00098830949001516,0.015356259647040016,-0.0022468756857736416,0.025376551991079355,-0.002968995222488946,0.0018271024131428781,-0.002550852523301561,-0.046031315777647075,0.00707760777194788,0.05195087015951527,0.007997064182552416,0.007718526737113374,0.005452210115712397,-0.00490433753202657,0.009711087909990868,-0.006337482826338059,-0.0004932557765678913
2025-01-24,0.004394866713955725,-0.005403428530278087,-0.01286559939955867,-0.009821603790335365,-0.004988746835949409,-0.013669481464460786,-0.008089463774987538,0.002492003833432399,0.003434589929296683,0.0030265669953115637,0.010841118768326607,-0.003496818566331994,0.00156223141181,-0.029106011294501744,-0.0020727964246003427,-0.004002806472324094,0.01457138061523433,0.008531344379667738,-0.0022093256083079993,-0.00022312789545175793,-0.00434553191669107,-0.001920449860329021,-0.011461100829419646,0.0009274972231694267,0.012072894605801965,0.0034895194926285455,-0.007931252144838807,-0.02016935604629322,-0.03934113459444055,0.006971960876440475,0.000142647442528121,-0.0069560146870335515,-0.01839054196794354,0.0032393727655544158,-0.005558193270282397,-0.009367278060982809,-0.010099862505146051,0.0,-0.003955350428551774,-0.0018792024709559652,-0.00524199820778537,-0.0222954741869269,-0.005186768055704505,-0.006447389720890984,-0.0006435181081438923,0.007516436368743662,-0.0023917920937885917,-0.0013366000515526721,-0.0064695180123287566,-0.005502562506806363,-0.0057390500710999826,-0.0038112385458226594,0.004885623862859845,0.01096221228126959,0.00939548404283852,-0.001453639891121794,-0.0011027373397652918,-0.010470679488825185,0.009245860930145122,-0.00780879192517181,-0.005141864462868351,-0.002072830086580879,-0.007760007738221053,-0.0009407443829383411,-0.0037292604372856086,-0.006044559399209892,0.0014238340347667577,-0.012913958283596871,0.01941747572815533,0.003806654395592135,0.0029428829798912037,-0.0043410010064792726,0.0012553995753838976,-0.014718723443860715,0.0034174399107123055,-0.0006221182926567925,-0.0031890610604576874,-8.228144016142469e-05
2025-01-27,0.010265860228919177,0.02241004623569598,-0.01611868439942432,0.01218648723035054,-0.009241077763720407,-0.005111859076249559,0.04047733402703657,0.009226870266152876,-0.03836289024028694,-0.031033028695640064,0.008228586437240448,-0.05108533638914525,-0.0012131662720735736,0.02906085296654859,0.026191734267524858,0.008782212876568662,0.018727145788798527,0.011237086266773,-0.013939911215104073,0.022766175284602896,-0.012404260343984008,-0.1556454195201058,0.020621311230990536,0.00979741201455564,0.030151089936961473,-0.009314440097529353,0.01279895752331206,-0.011639113709269955,-0.21520123922695678,-0.013529757499322503,0.009673942433736427,0.001331910247932111,0.01896082867303006,-0.08946540182172336,-0.03896713321165668,0.006591796875,-0.012673195834200235,0.017391333287216426,-0.025173731704869362,0.02424091831792219,-0.055637272529244,0.01971298018899237,0.016647638846088997,-0.010020657133131827,0.013542327567423795,0.012744895914194032,0.032807568884731575,0.013986417089800751,0.027514141813094417,0.012494523261960655,0.01998656214078065,0.02043924674928088,0.011068623956532075,0.026120464990075254,0.013209116736661253,9.091050751464103e-05,-0.02439131220876012,-0.005339365734079227,-0.18322486856673403,-0.014596233350606003,0.023361570437618884,0.017655689092768823,-0.0020747844983202146,0.006220086747110276,0.025408356490723705,0.0017960935715350956,-0.08292162901862621,0.020725583797884584,0.016571408226376594,0.003062997257156974,0.022670681744178633,0.02428021225850574,-0.024887360776894907,0.01503682101830317,0.02341098477200143,-0.021689107580885825,0.020054526249636995,0.005017686281595379
2025-01-28,-0.0061302300210230865,-0.025018476132196543,-0.011138228586908494,-0.02183958342639336,0.054326316430163946,0.014957724722600263,-0.022995737194941857,-0.00680465492131932,-0.0019278610646747962,-0.01187399833812175,0.007060860671682878,0.0040992468212981414,-0.005552658144947764,-0.028537435697616798,-0.01051542551997009,-0.0017706374272021819,0.02391158802238813,-0.00859234058235725,0.010921666224771975,-0.0057830632814245275,0.007908171773521655,0.0035950924191605615,-0.009798774698525747,-0.019404605337194014,-0.010229939438468949,0.007772350723049604,-0.026941924663886008,-0.00015430745319167105,0.07612119104474879,-0.039343209853738625,-0.00100668438431184,-0.03556825127089902,-0.02219667028085759,-0.002822438422524276,0.03546853096052738,-0.0011290381601705146,-0.010769042734412593,-0.021594491679971295,-0.0005818472644749662,-0.008157106484683374,-0.012198207598497546,-0.04694862711736514,-0.04044268356885272,0.010061152893823255,-0.09180241045095372,-0.022406475765690992,-0.017715240985779257,-0.0007920177465671197,-0.015932557478704368,-0.032967037002647914,-0.028641798358878257,-0.024241133800437575,-0.0191323407403291,0.0038981657052581387,-0.003782739283159975,-0.024201586939366915,0.005220388907171136,0.002635236688771636,0.005300437303307648,-0.0069665265757841155,-0.0036363109103594304,0.0022730238791968116,0.026389459328466147,-0.00019853955530291234,-0.01725673190651733,-0.010972824750461574,-0.005059554547634182,-0.025127020364622443,-0.003747438016528881,-0.010178813180337198,-0.020674483093936935,-0.0061646935490947685,-0.0038444941164342827,0.0016460483068867493,-0.012646331100334862,0.003572570047057022,9.359385661733555e-05,-0.006875123240217662
2025-01-29,0.007576122469862723,-0.008402125918746117,-0.0020229774809166212,-0.0093030370206163,0.003827178790214658,-0.023174683009769992,-0.005309161943076068,-0.009877696554354554,-0.0371471355761801,0.007532832832004122,-0.017209854585908513,0.010705984332353813,0.00017446032618417817,0.009179956811834034,-0.009329897462595271,0.011529956187486423,-0.036177109056877876,-0.0038125100405848045,-0.0036348665865235663,-0.00793855748981287,-0.008846060771952713,0.015767403906845834,0.0009632772010268464,-0.009493365093518835,-0.01288351615468375,0.003234190489730615,-0.0423505479488584,0.02401898463569241,-0.0052658395918038226,-0.007172111446536067,-0.015265986979230983,-0.014711193489748475,0.0015858972237996483,0.010523518251995378,-0.0003955360789987816,-0.010354054627271236,0.0028589299656585077,-0.00900617663798342,-0.0009463193462873054,-0.004228060981593895,0.0021018250947266726,-0.008622577421797284,-0.006329114381554701,-0.0879276953948015,-0.006754998310336879,-0.0062793996588080825,-0.008830913207396152,0.0009247531252147834,-0.011473973944315596,-0.010480061622476278,0.017517397897806486,-0.021843344107247198,-0.012725562823780123,-0.03405843278313492,-0.004000443460339231,0.03393935844117557,-0.0006304314394298682,-0.010513017857920248,0.012994044115118841,-0.011833871621645953,-0.011557229922416146,-0.01735629349602008,-0.025087727905054757,0.001276341194986097,-0.005065265210444703,0.007100568353977099,-0.004811935558902469,-0.007810452080306285,0.01805534948712162,-0.01939179815986669,0.0015652464488773443,-0.012110443452476027,-0.011161112527016681,-0.00579985685698714,0.002625518769646451,0.008534155983118685,-0.019190268070591765,-0.0007416813464357075
2025-01-30,0.008949681622228978,0.01923664993140406,0.019066297337188454,-0.027593211418843522,0.02103227118276796,0.033801652616619604,0.02425579240372544,0.015112910505407307,0.01805554617698446,-0.046410485370723564,-0.06939687640520231,0.01598782261787579,0.021632967290102112,-0.0036385807109506896,0.01823126493785887,0.0020458008775559033,-0.01162467525653843,0.003827100901196978,0.040839012469027214,0.0264030211794255,0.012339924839426919,0.02991176849437216,-0.004899390081415045,0.012149075355057937,-0.021159067387414243,0.01215126129177646,0.021793552743713196,0.03249620876411008,0.08404814450096842,0.027882831615981152,0.010825854013491787,0.013531057345856246,0.01361677200718403,0.021210912277787486,0.007993111318732149,0.023894399945154854,0.030811454910416147,0.014626773523701342,0.018650750591067133,0.00831740794744884,0.02530159502887752,0.013687901107173772,0.0005189704278516505,0.0036568381005868122,0.01164279055267281,-0.012322272454264538,0.01769351846101297,0.01887291470734742,0.01220357362261626,0.003800279278598717,0.0017917276409662453,0.0050581443579571506,0.007501236226357788,-0.00586050000752536,0.007896988348700562,0.014609108644299207,0.057193608335274426,0.017806165895559944,0.0385830988012561,0.00035861865260722325,0.019897562917004397,0.028496025868413044,0.03076796953968608,0.01580556326336291,0.017309738260835594,0.019396207279563038,0.006373690999672332,0.0061663711390074205,0.010530199216270963,-0.0023970586083801315,0.0014826994990391196,-0.14112721428052333,0.020688562003495337,0.009722868617599412,0.019427527016404822,0.014747813891456296,0.06146502161678402,0.004453644353931141
2025-01-31,-0.0008244698670955009,-0.005916653412205153,-0.007741904465689231,0.0049277231224569285,-0.0019129822842708366,-0.016765969627929644,-0.031440030823265186,-0.0037638352515467766,-0.008943474476473257,-0.009440460978084597,-0.009458429889404818,-0.009536220688803776,-0.010758214708693203,0.00030432236071753493,-0.00796316797140073,-0.018958691995513255,0.002408929710648433,-0.007146016183982584,-0.008470465778520508,-0.012790068980814917,-0.0037566443035536023,-0.0020177143157831257,-0.0014066984999628884,-0.011872676932115578,-0.01623083424932681,-0.003675138123744315,0.00019472037667700448,-0.009728985961534375,-0.026270383621436966,-0.0191789699109709,-0.056301975356081724,0.009002546153886293,-0.001517453815583325,-0.008345673441407575,-0.006202486756975878,0.0008923889880241287,-0.0022337440940077835,-0.003728966448920956,0.0022171086887146085,-0.012344247097018868,-0.0026850924411151444,-0.0011253459707660785,-0.00023579311920340906,-0.023279496475958394,0.00717946141614445,-0.017594424857907742,-0.02244144841599227,-0.014248681264449226,-0.0018583316164620944,0.008068366147412132,-0.007387231170499664,-0.006264057613953322,0.0006292421407656512,0.011205326805438176,-0.0025667153865323034,-0.014487625490243072,0.004489294976035563,0.002126486659224991,-0.005432004127837398,-0.002043029403469787,-0.004424902751489657,-0.0068235712417067385,-0.00023256339234700718,-0.009676058528202636,-0.020573892161350527,-0.008462256082296893,-0.009745623862755237,-0.0023470776394968196,-0.032541180423531824,0.0039045224587663796,-0.008522766576016028,-0.0058311832137392106,-0.020695573602362072,-0.004429427544459741,-0.002221615171286606,-0.009244248851111525,-0.00975583433052929,0.018474404196619387
2025-02-03,0.01422394467983179,-0.03013646128904557,-0.0023298239535538556,-0.0038634037635899565,0.00909257067431879,-0.003682354064925897,-0.02612383518099559,0.0018050607920439,-0.034108242513634535,-0.026626150113200908,-0.013971281444685069,-0.022568394898609956,-0.0029346104392716788,-0.010952271964570826,0.00817675555203623,-0.01174361367344312,0.0048063892783816176,-0.0199555324629781,-0.0068734778983113864,-0.026421224269618793,-0.016160013189188693,-0.03378870848028204,-0.024652239712063317,0.006553941982024414,-0.06618336596625496,-0.013402128088232268,-0.0015177310778573538,0.00265263439715957,-0.029956050158342684,-0.03180874534089895,-0.014990604701917043,-0.0035486071334650537,-0.005855531620325594,-0.03375800439831922,-0.001580079868293005,-0.024296741016604173,-0.013752685216243843,-0.014354072403718443,-0.009633848485195995,-0.022894567840888613,-0.012820550747051906,-0.0026754781760849333,0.0036319104568984795,-0.01601909521269196,-0.016265291001675397,-0.007489356439905226,-0.020686229076035456,-0.014191915699553026,-0.016256471543636075,0.000985152671483025,-0.019506438040719498,-0.01918001724869467,-0.009117547847152241,-0.011177405112382854,0.006433300918785134,-0.015782786831881834,-0.01595364411205724,-0.010127396145893863,-0.018822452130580203,-0.02650584399617184,0.003030427091489374,0.01932033245961917,0.007522294999859458,-0.008728633097031868,-0.03292841294117044,-0.00041374417188522195,-0.006147514649943453,-0.014115895550175006,-0.009542654400814254,0.0065819364465145025,-0.01925016278776115,-0.025737513091209863,-0.026185194285769264,-0.02147215193590013,0.012176393014714959,-0.015775292161745336,0.015708679234540446,-0.009996713977183824
2025-02-04,-0.008622882216816619,-0.0018642060492712886,-0.019714404302921262,-0.020584624625439196,0.007293595143378129,0.0020469700366552157,0.003191878963739958,0.008129075659009999,0.01155976682321147,0.0011063662580508282,0.007441405460685946,0.04393904936391535,0.0017313416157265227,0.011073552523421348,-0.007912602585712136,0.038808497059255265,0.009285256270582964,0.011176631587131336,0.0031639148806548167,-0.0028034497692067673,-0.0012514392514454409,-0.002251044031298277,0.01507491482719936,-0.0071894172484421315,0.014595245072437146,-0.0016201814663935332,0.0032737016401445107,-0.009455798957144657,-0.014320853167562264,-0.013971533039689454,-0.003964740323912808,-0.004070027551730693,0.00512569978703703,-0.0191325320407999,-0.007121339900791224,-0.0009595275238422074,0.0016214256912017166,-0.002975266018894529,-0.03451516714182268,0.00998209719564458,0.003766338948729464,0.0021885277852349283,-0.009728281580394182,-0.007822484634574245,-0.003820625341163675,0.010170603217574126,-0.0045079282424757006,0.010930397308593687,0.0022618165474912466,-0.010989255259143627,0.010386691720122077,0.008843790673183083,-0.0012692654768821088,4.870442136950537e-05,0.005988406403252933,-0.005956154986696438,-0.008724138983087326,-0.04258008693730908,-0.006096309220700591,-0.0026193774188609797,-0.011480336380527256,-0.008233017654218688,-0.01193040025418235,0.010509832970293953,0.01749453072552898,-0.03335353430715504,-0.013952067145094116,-0.000530285312726142,0.0366306999028696,0.03655816690448299,0.0019751543531965066,0.00431300109517796,0.02069861953537533,-0.0018780208526221198,-0.005980500695577096,0.007085650893490225,-0.007062433996626094,0.05244298474772946
2025-02-05,0.011422163839394983,0.00451396283785388,-0.0014958812999991133,-0.0003046438471683288,0.02656476309020528,0.03183340376983801,-0.008199206987354879,-0.0020782364213920435,0.010644923329765632,-0.008564713821216041,-0.01598694570421988,0.017606054675553873,0.014863473924639159,0.00030434678824620143,0.004934880179576329,0.0,-0.08001112398510912,-0.009719050494256143,0.008919757417681362,0.012970076295917066,-0.022946167271745477,0.0017476648886272095,-0.005691411585933226,0.004781953142385609,0.005817886111027626,-0.007739363947107281,0.004467174144966224,0.011870658990964511,0.03197476414876044,-0.002525256849864932,0.0003166217482339917,-0.0009195361238600874,-0.005367933503203748,-0.0020951168004238463,0.018489019323059575,-0.09636400507626774,-0.002158456152745125,-0.0017275956569824391,-0.01283663845957106,0.008936462794639777,0.11282185958795088,-0.00471969028626984,-0.00825777735239197,0.01151518113085026,-0.008398025641120133,0.00324778938987369,0.006210348619975825,0.00507655003872598,-0.007276757272385637,-0.020833769648885614,-0.0016211372503182053,0.05439394754029214,0.001270878559162636,0.004336123197539399,0.009096357651760645,-0.013735366388052506,-0.0012034571037682351,0.004477887862158747,-0.004100298561673599,0.0008137375663326285,0.0110023620059565,0.008027725429077037,0.006154150962937033,0.0009839015698718256,-0.012000958959971553,-0.012350323472410496,0.006554307762333567,-0.011142001206330354,-0.007821832046041144,-0.07555550742747541,0.004024612582941289,0.001163102724835774,-0.02031875989648435,-0.05119822639564653,0.008436940238004897,0.005580092370592871,0.011839454697395224,0.004410342306767845
2025-02-06,0.0026609955329215396,0.0017819112654418046,0.014814444131881377,-0.0019805536675810975,-0.004584722017930587,0.01627808388407015,-0.013696102602626659,-0.0002499384759439005,0.010068175075639507,0.01839209423059085,-0.006272495853062776,-0.0020545053731422236,0.008004042851418536,-0.004258037966384132,0.013343202386805642,-0.016507350117775044,-0.005000027743252811,-0.005773156029843296,-0.00034188505617571696,-0.08418759491375594,0.021801814282719212,0.0019032439189254902,-0.009748706618090686,0.015093946395549063,0.025197132377487774,0.004403070700510936,-0.011795112655832773,0.007234410449017181,0.018753597334241867,0.0035865666425480835,0.0023010985988662913,-0.1831985864950666,-0.056352559339104547,-0.012697867471673008,0.00938967782112532,0.00880660653454024,-0.0009733320234491805,0.00334325091738763,0.009147919457191955,-0.008505372662749644,0.023136834145437657,-0.00332640124896999,-0.01105423636896885,0.0005982636834871435,-0.0030008495021542902,0.006474613272685392,-0.0041146788233649145,-0.0008527849741652993,-0.001159875965157764,-0.012258169314296685,-0.004078987868503137,0.011515633000892755,0.01586459801345308,-0.0055302168043113165,-0.005700326826589719,0.006449253027918989,0.003962950240424812,-0.0007092048651531346,0.0412718722963723,-0.006800664524026834,0.01289800039108524,0.00257923540332361,-0.002942134891031012,-0.04566135524985793,0.003387192912299497,0.006070387190986848,-0.0003352966299517979,0.009523773442094985,0.012335390788528633,0.08545276395745471,-0.0039675674829303675,0.014030432026466588,0.015253818335905445,0.02745017886311496,0.011349689323783663,0.001206319276438661,0.000667334776353723,0.012402755263588805
2025-02-07,-0.009709699960022355,-0.004717661623053093,0.008802593743663323,-0.005342651657418207,0.0027162175287844814,-0.01791124190439919,-0.03715520499673575,0.0016247820578352279,-0.015948531297036994,-0.004296042212581286,-0.0005174708175966769,0.00734119275315237,-0.016556843469736293,-0.004581566689049743,-0.010915781777027345,0.003239131693749231,-0.009745689165422955,0.0013333551804228794,-0.010358641779837696,0.0032325425285939513,-0.024395930093891627,-0.008864932825494165,-0.0029804693847278463,-0.010850676333947984,-0.010395391251234898,-0.009393771825838892,-0.002739391354063536,-0.003785398303398635,0.008377180068817935,-0.004204373031238329,-0.009107157766559904,0.054710523823257695,-0.020493775956174076,0.015038340958269503,-0.009309562281133443,-0.016957688429559248,-0.01537305267889899,0.001842527533616245,0.003371230790350843,-0.014472956613465149,-0.003977292939315147,0.01029682810790944,-0.0025646563864047955,-0.01749301762277866,-0.0092080488592996,-0.002894811324268054,-0.0025823495217016657,-0.0160845237697812,-0.004226568398731256,0.0043511069387172085,-0.004117774366515392,0.006738759355480184,-0.012701715053504259,-0.025463405469406175,-0.015365842330466895,-0.015416109434978509,-0.00873948393062629,-0.007705525465224405,0.003728997211227991,-0.0011908475546726915,-0.003581324754913684,-0.002256655795674467,-0.006445103865380664,-0.003884264172897889,0.0064018496311639694,0.021541532889745918,-0.004361261313090559,-0.009832640630282219,-0.0013742695719829445,0.06586656309555261,-0.005872464024240576,-0.0031726390642146107,-0.011662076237809682,0.0037585279949243766,-0.0041363357345555185,-0.0033255092994820545,-4.4482092131481465e-05,-0.0025111055547636374
2025-02-10,0.003137665581241622,0.01453099734194474,0.007912892536633631,0.008747672657891226,-0.0020464264007157285,-0.00517936201969893,0.011628718444053554,0.007986094279922584,0.03210226480863332,-0.0018138954745904323,0.02847082973092463,0.005485858322503034,0.0072152893016383945,0.015035454598240294,0.009452692084410685,-0.028617383031326993,0.01122564002209403,0.009407230277909573,0.004937228281433725,0.018608023184709,0.01913639227351882,0.021817608075779482,0.01911405875266392,-0.0016250404397494256,0.00839589396592344,0.01782784305150731,0.005925457012446511,-0.000292199133336446,0.01859932754542437,0.02082898248648357,0.004565903651172709,-0.0013058169964648147,0.0145971004611396,-0.0028184636694261744,0.0039154203167905965,0.0026027973932007953,0.013523978223794142,0.008021437723089164,0.0034346580333193266,0.005717692128180296,0.02133481295654316,0.0035144725249407482,0.011157994102766189,0.013892325100106184,0.00861858495136425,-0.028064562574570018,0.004271913276376438,-0.0012011062268546535,0.011241131253151293,0.012356532240958007,0.017382462671199805,0.02322523496101958,0.012970502889193325,0.02492741976329449,0.0018399423239918722,0.0008489348041249567,-0.0047957666881744965,0.005721833055815084,-0.00502811370038736,0.12645305792779227,-0.0021965089150212114,0.004659171112501026,0.0023446563519857744,0.0061739296710787706,-0.00809617632820303,0.005997019010041793,0.0120739699334389,-0.007917223274403362,-0.026788974027021184,0.05402143246282898,0.009294475077388675,0.00928304590277329,0.008910417468654508,0.009816898062343427,0.000919113145433359,0.007591821740581262,0.005246523750940479,0.001296781835168348
2025-02-11,-0.003746871872311819,0.008961350048120709,-0.003495123023834701,0.0036513643381228533,-0.012672370184696469,-0.0006092528855844437,0.0028256000382547164,-0.003177350960244296,-0.01615576407975927,-0.0027255333054221342,0.004026628335903171,-0.0036106460243182648,0.010233642558253209,0.0009067789604493282,0.007010779651889454,-0.02175565426052639,-0.00775550668587166,0.00919183206242602,-0.004421644484194909,0.00039543836925592935,0.0012623605632537949,-0.010535259884445036,-0.0009778160710216532,0.008274540911442863,0.011733666630449946,-0.003975141627023948,0.0025356871479340626,0.017542145147696253,-0.03142862267336177,-0.02295444725257667,0.007597713028768993,-0.0029714206485508265,-0.007577204528250725,-0.00682830343649532,0.008736439962091946,-0.007940967648222608,-0.00010855930948661108,0.004153668901319074,-0.008706078147878382,0.0023939076199779308,-0.0040213702094688,-0.03621217642171293,-0.008060199948942692,0.03295999010894346,0.002543316034659071,-0.011948182868246615,0.013792214578210782,0.0025387179711009455,-0.000645726009243841,-0.0011173251101807002,0.011916588023232366,0.019774020086917865,0.0064543864000363715,-0.006788476418673639,-0.0061900267753127736,-0.00018853236851079647,0.0005142689166928172,0.008025983286994887,-0.025364535455658532,0.004663591545868373,-0.0006004154749119639,0.005177791576079338,0.00670562582085088,-0.009600312057108318,0.017840484024076675,0.01952366160095753,0.01201297300682369,0.0009467245694385618,-0.026112407849242958,-0.021365895508825727,0.013915574338293268,0.003241038138181551,0.0076140977967513734,0.0003006322166005937,0.001020403170131745,-0.0011997774883361068,0.002919198065804318,0.005942544060210775
2025-02-12,0.0028451754079477087,-0.0017459296468332886,0.000971288930569969,-0.010914124343672671,-0.0062456931757286505,0.032199054976628005,-0.034579975849371,0.003353019853164163,-0.023941094175686572,-0.02813129563626038,-0.021957066018026827,-0.02147353267449137,-0.003545485161162376,-0.005738466263626507,-0.0038461294691840564,0.024401441825027792,-0.006743332435344862,0.004764919723749372,-0.0077971162784147285,0.005375497075814639,-0.0189898785569943,-0.02094711893236667,-0.012011706181328297,-0.008744848245276104,0.005320324706595381,-0.00012470313409784772,-0.022024130688562904,0.003926790046902218,-0.008715427383114482,0.07556082291526822,-0.01797652103020886,-0.025511065559900126,-0.009326404718368653,-0.014758194575007821,-0.009511305226828748,-0.006926989200911615,-0.008896618701872305,-0.01016701611586246,-0.021618336043506936,-0.017134464751958234,-0.0014581589137004913,-0.005450513879784014,-0.02969776254974943,0.010575335115295292,-0.016445632222436668,0.003694967569939367,-0.024539072613528168,-0.007996394706897392,-0.010754201775769356,-0.006289058792786739,-0.009904482755239474,-0.013364464780442398,0.0006205712979847622,0.018095184831715905,0.005817879348425592,-0.025056659049873975,-0.0038032204602403974,-0.012396642139908653,-0.014729739951288123,-0.005925820523953185,0.0032038578792716876,0.001119871430766084,-0.018046643732214873,-0.0072627205970283715,-0.022797522660322866,-0.005810348551869349,-0.00852580180623741,-0.016216085181356976,0.008421283197578289,0.031189104887076047,0.003148563444562713,-0.0023575081511088003,-0.022244422461411006,0.002504694290777154,-0.004213283898578335,-0.09057271198970163,0.002866578054472324,-0.01613146310371316
2025-02-13,0.011642017806302585,0.012547399480824728,-0.005768257660618947,0.01149427594835517,-0.0005713671634208772,-0.004348980180369111,0.011541559807400903,0.0015265666750481355,0.0011006154562933634,0.004715316771441769,0.01096871891786333,0.0130846712320285,0.013724184463039357,0.0054678186160996844,0.0067446063359553055,-0.03422276635991228,0.02885361544553966,-0.021697102454546147,0.008107082874870164,-0.013720746761446079,0.006425747990369768,-0.006680132267590899,0.015309768926260903,0.01506505443287165,0.001789453547048625,0.018710144280094765,-0.02057057777556326,-0.0061056906383377685,0.0017854726617527739,-0.03686451446171901,0.00027240216083490587,-0.016331293080932507,0.0012682688284673116,0.005163512809967186,-7.812841998211528e-05,-0.002635073639627672,0.013136373929297562,0.01577824413919826,7.669469796622863e-05,0.005041628812398891,-0.0053913085247037085,-0.045305127308603144,-0.0030406651495364923,0.018448529211816167,-0.016403762290319923,0.001673318392513945,0.011730992147889863,-0.0010075418659315494,0.013763854438670453,-0.03355559029796995,0.013036074192296354,0.01659933145393988,0.013231306476506832,0.023810618731260558,0.011432521474044277,0.020851539391685936,0.022699837712661486,-0.008164026100897281,-0.02503941389223774,-0.010895937592202976,0.03632737075417891,0.004429474955068624,-0.0074143889297911825,0.014452540042843243,0.017702187852259632,-0.012929824675329327,-0.0010507533989213558,0.0041208190594488325,-0.03157996646083605,0.011846281783014945,0.009899032010174613,0.012077753468048957,-0.006970815759051896,-0.003098094848577704,0.008325919402301096,0.03809374782528652,0.0008796016293344255,0.009083096259403067
2025-02-14,-0.0066727037565030844,0.0018026112917290948,-0.0048256643445824254,0.003333352401964529,0.028147977424246573,-0.005500454373555286,0.009180287845799162,-0.009969057918959745,0.022930654265294503,-0.0010742747992500412,0.00882169873337757,0.01207627698878544,-0.0073542107294047865,0.008157010039075097,-0.006712135443630585,0.020761940443865923,-0.0038992521751726184,0.030028733123284912,-0.001776135204280549,-0.005460934341768087,-0.011476996995757549,0.004418432739998535,0.008071682146572279,-0.00013375171061802416,0.017672548870018456,-0.013101539555903652,-0.017143313241999025,-0.0004319666488535878,-0.007345171924482585,0.00013624104209952748,-9.73620131512476e-05,0.002798145446996081,-0.012276551986262985,-0.007857944185816756,0.04169270156739047,0.011293585104752646,-0.07379795545022894,-0.007612829541576938,-0.01127728601716338,0.027317795439457893,0.013777472144474778,0.012322977520224043,-0.011949975819893655,0.0036293762211727643,-0.026522893531889413,0.011694048373087185,0.009920016195619441,0.004256997661376216,-0.003958051978491861,-0.03551184224437531,-0.004781867803117734,-0.00024233855593813747,-0.009116017893460837,-0.013020068314593791,-0.009284843087506212,0.006650209635501891,0.009267576186632542,-0.004733031931351106,-0.01859990857529703,-0.014263663533349291,-0.022919892224478766,0.030647220272780995,-0.02725675452047871,-0.0023842519083205893,0.0033405811336326696,-0.016295413161913186,0.005480513747761151,-0.011217556286972408,0.033402743254727474,-0.010835754597852798,-0.0069728831706104,0.005015507362426064,0.016301760457247516,-0.017644132807644874,-0.006835795982880977,-0.04219259871062897,0.0005711204291627414,-0.013044306341779777
2025-02-18,0.005841402504942028,-0.056226148981837754,0.00446771003059343,-0.007550526215475917,0.03892251747322417,0.0029823395359431792,-0.0386614501898177,-0.004909971906644106,0.022416685289483373,0.00192455473657005,0.004322099153500236,0.014313237748396768,0.0033675831788999577,0.008091126834637086,-0.002350406189862042,-0.016057711232887573,0.018970222387322933,0.044437934828968295,0.01497553468723778,-0.011342713051319064,0.013539863101564853,0.012776066852731027,0.03853937359779769,0.0004012051905506464,-0.0011949547789021908,0.014392074483860151,0.00272791422129659,0.008690626146724334,0.015397593638182716,-0.02029288976826804,-0.004952554608980808,0.052334612581865336,0.026091252270142862,0.0138666761604338,0.02435915449974324,0.005942245357207332,0.012015814021578253,0.016039669003686807,0.012026661711552311,0.025179459660648273,0.009245824145214687,-0.0074851589965377885,-0.009665585473735638,0.022227615249602817,0.012642168160915013,-0.009247115378732684,-0.013904711245660839,0.0024896597767611883,0.014324034353816684,0.005604904317594528,0.009492593559282891,0.014296840458431381,0.008993238675583548,0.020791515461387577,0.007809812669024918,0.005473753388267166,-0.0068404007305844505,-0.0003102370125127596,0.0074968831631758714,0.02750002509603422,-0.014192805960054011,-0.012188227248872141,0.011028433780696734,0.011566034378324375,-0.0006887948393164978,-0.011193177237195706,-0.0009634720655998796,0.0022136873064502183,-0.00968734045210129,0.026063960495451566,0.007824347638125229,0.0073310985433030496,-0.028208723754594822,-0.0009183718139368358,-0.0006134726179698458,0.0004783070596381389,0.0027225774371937295,0.011707201286505597
2025-02-19,0.010550035747742603,0.005480951526752653,0.024408749627588655,0.024954236692177778,-0.16420899036896008,0.0063793732388708335,-0.021358592276381372,-0.00091997893370388,-0.009160398800885927,-0.0028248626865651216,-0.009007246154311366,0.018305059490040243,0.00251722647247532,-0.03656362164376514,0.021596124787880644,0.010879726613654439,0.008717439941345662,0.015372028735140875,-0.0023373653913624226,-0.013905214311037306,-0.004639631085332163,-0.011784656711688601,-0.014911461670922499,0.010159201739571078,-0.0021686415881277954,0.014921765187726699,0.006512781930510636,0.0019992428325059652,0.005224450743822384,-0.010078522259357237,-0.001564621443616021,0.02392310213317006,0.013314789821672557,-0.008014076334547093,0.019901951917692617,0.011610722301925724,-0.01221894783374744,0.007054395338972785,-0.00022992533290311368,-0.028750200474794818,-0.0016556254846452623,0.0017519268740626703,-0.005365364374815718,0.023788054028278882,0.0102907763534692,0.006666693682590097,-0.008279492936205224,0.008121342606791204,-0.008154224831850576,-0.01792181530609338,-0.03625883814067454,-0.019972255716735554,0.007068906115214935,0.012173972129871036,0.011051292392147527,0.006288704848864013,0.008756742056837297,-0.005480809551030585,0.015577801619419462,-0.006010225259798885,0.014997077071152276,0.004856718095554768,0.013332295424222096,-0.0014583475157193826,0.014361233045666832,0.033067050934963094,0.021051952849128863,0.0022085869658909907,0.031573870568818,-0.0040495055873215335,-0.016363360933770887,-0.00363880515124948,-0.015325892775235994,-0.0022472327841677187,0.008728305252324153,0.026768652390127823,0.0007444330561121593,-0.0017626697607819874
2025-02-20,-0.003990771807786175,0.004187120572380021,-0.00042363753102592216,-0.008461971118225886,-0.0869704203395123,-0.028310444192667816,-0.0027625797018576703,-0.011007314228969944,0.017126466109199434,-0.0109065133578502,0.014138509110264375,-0.0043515656051231755,-0.0254435958328999,0.001542738850389025,-0.010617864828766144,-0.019833924156339,-0.01450121447852859,-0.026469220124847537,0.00756538969013465,-0.008304504238402566,0.002571673117301554,-0.001971224982478037,0.008514667394132536,-0.005690114683059244,0.005957892161746914,-0.013738234134727745,0.008272566475642229,-0.008361025595672422,-0.041364698229447994,-0.02703265618750761,0.003192856474883099,0.023709518423444376,0.002561540569684162,-0.007543694102166487,-0.006815458998622237,-0.012987604008102394,0.012603482027246482,0.005452463211517822,-0.0020706332872428845,-0.004194958700488249,-0.017910357140792033,-0.011026495986227514,0.013254627677578235,-0.01501937336754644,0.007714448645604888,0.013576140109635482,-0.004956955620826986,-0.007456767023986011,0.003306833293749367,0.010750934585814775,0.0014454638297376476,-0.03832086387254008,0.007426253480374179,-0.008188061053942652,0.0014662269327527788,-0.00699561662675563,-0.00868072716815993,-0.009566383913102605,-0.037354134910459136,0.012828144331290092,0.01122928917160615,0.005225111027768126,-0.002392205414769144,-0.011246145523470585,0.018575127245880063,-0.022280094750098844,-0.010551744766462035,-0.002341458921637729,-0.037742974291927966,0.0012321151997161106,0.0023880065118817573,0.013912997505816094,-0.020498733623169674,0.0004095649702964277,-0.010680550402791589,-0.006259128406655878,0.00262553543033639,-0.004068726134881739
2025-02-21,-0.0038785731737112084,0.00039336887626495454,-0.013719587373317244,-0.012127486623909056,-0.052767625153275044,-0.020621466638862107,-0.04875679282423706,-0.004104991913769118,-0.014602939507745494,-0.026091963324114786,0.004580821086245024,-0.04090756374250393,-0.02799726956267401,-0.004929041425323466,-0.007284028102801154,-0.05882351520648699,-0.03909032849488192,-0.011718700138316107,-0.028532754214641076,-0.011626553974185438,-0.023246505591471345,-0.0370766894328628,-0.007334130737929434,-0.004791189046448041,-0.05315499983664951,-0.022116357611357995,-0.012753855776437506,-0.04268464769365854,-0.0884118787712187,-0.0038248828034326277,-0.0160109316147643,-0.04272306079730204,0.0027915857454547943,-0.030660988913261633,-0.06219300608726297,-0.015759651590785406,-0.035496083955159574,-0.004745018649454202,-0.008222484800748053,-0.004924575636880646,-0.03996402840010804,-0.02483659822219808,0.009075691189471824,-0.04275151869805427,0.010153810941011088,-0.026135229529121395,-0.015005978303735179,-0.027502011059102216,-0.013778845757345004,0.022482892625949047,-0.0066156605250392575,-0.08542464693184104,-0.006664628137642792,-0.006249916552350854,-0.01164658481406533,-0.01878637615409884,-0.0409657428484802,-0.024251937760680464,-0.04196898209247113,-0.02625496449781961,-0.0007792932613190917,4.3233246486140686e-05,-0.009559733798030323,-0.007710652757518921,-0.022017188884633554,-0.017073790903700092,-0.032211553582505936,-0.0012426663608919863,-0.06439651294454962,-0.029165674185053225,-0.00847965920805116,-0.0023155681186122212,-0.05394592584744773,0.004400238439495219,0.008233466400935807,-0.03768365036184995,-0.00475732185129607,-0.018422946765279224
2025-02-24,0.0046337541336129995,0.006055305156711155,-0.0022021020798005386,0.0037889952955498796,-0.02628494697569006,0.015580072597901395,0.008955192376271626,0.004674301241094803,0.006351164660723052,-0.003293640693940003,-0.001982579499867465,-0.017578829287559716,0.0028273519523005497,-0.01517032741115032,-0.005282906843797952,0.024833368698999436,-0.0034029577031805536,-0.011082072518289743,-0.0053853028948843695,0.007730160258339058,-0.00960191424486867,-0.02528834453353912,0.0012886922812433976,0.0,-0.0025571962787254154,0.0008746848925329509,0.013206681136659126,-0.005604750657661972,-0.036507293370046545,0.0028252637541066328,-0.009802550115925124,-0.008691047923550799,-0.009578169714542839,-0.021802476916635838,-0.0020795486493290216,0.018862015449527814,-0.009081193901507745,-0.010140763940043818,-0.0051914233352833294,-0.02993266044133991,-0.014657685792422215,0.011670090338469219,0.004170408899330846,-0.0069385384254292415,-0.001021097340398902,0.015431067223453443,-0.010423546438893538,0.003448720431436847,-0.012253984703425203,0.004420079443715252,-0.014772303364878225,0.008702928373179208,0.0031513724336778015,0.02877128535968443,0.009292451177642214,0.017135704676118246,-0.011829614349818551,-0.0034431499754450368,-0.03712509150331167,-0.008773079045640508,0.0025345661087727844,0.007969913617598356,0.017357486398724697,0.006711803476789013,-0.013075537790370073,0.017750168066312577,-0.02240507971322203,0.002626553590462155,0.019605769792307548,-0.0313094338929254,-0.013113407832150759,-0.0014613884336724947,-0.03847616426925271,0.019561941278261497,0.006438349387027031,-0.014244746430538524,0.007235872653170272,0.006989180033098563
2025-02-25,0.003747621688326097,0.015320945417002019,0.0062977873919793925,0.011475089992892817,-0.006163362259882343,-0.009115665367494197,0.01587528445066866,0.0015649191746720525,0.009766881469386757,0.010149766976075725,-0.01897101595117101,0.0016090149793861475,0.0003524309738092146,0.008802292174919346,0.01214653116211939,0.0048788081204518274,-0.0228154774754058,0.006273885685497804,-0.005514921518424587,0.02301246230070708,-0.007954945785949463,-0.007935160541433062,0.016559411662079304,-0.002407023909218209,0.011595899872123061,-0.006242144437099362,0.014780467261480856,0.002818131949409608,0.00563458909223713,0.0025283979053252192,0.005550956776832594,0.0395118512366488,0.009956609696095908,0.008016234695711777,0.005171320328222873,-0.0009154251761707144,0.005546954674481741,0.011200202918656199,-0.009658013085818595,-0.012293332313946581,-0.0015469960578649022,0.019017940848808257,0.02061546352254706,0.014859706093957703,0.018602221768187377,-0.000660703715757105,0.027548834556390123,0.007286269003402124,0.010244383327001838,0.024603307494827753,0.004096697766202917,-0.011485390948856367,0.013883261584228368,-0.0005475358164548361,0.007405414714277914,0.003105920118927852,-0.002898013171723446,0.007773688343832186,0.019394109368511492,-0.013259071945606826,0.002438885299390181,0.0034377523714099745,0.015227570181676642,0.016489047953212932,0.0115207891214546,0.015765024949931927,0.0054774452027817055,0.00978901587611647,-0.012171370081519917,-0.019235818580541242,0.014690702852372839,0.016787168547503617,0.010474667720010045,0.00579593955663027,0.00912425740967171,0.00027475128838450047,0.004658736073608338,-0.0013257245779285665
2025-02-26,-0.0063503973758132215,-0.0036183969849019615,0.00657928631378879,-0.01238987563195637,0.15252196002919227,-0.029337582661044803,0.009234287988564738,-0.001942558091700075,-0.016368996281185932,0.0006425777905230134,-0.005973474004101531,0.01570421962922053,-0.008807468662467177,-0.0034279301668521667,-0.007336568613033556,-0.0014564677589188335,-0.005717925914651811,-0.018601734419550264,-0.003428165238167802,-0.007213036807551365,0.001169426767737125,0.034081109288292666,-0.009115471631367944,-0.0095173381117718,-0.0014036653878450878,0.0038944111618204325,-0.002680905752799334,0.011742843362119837,0.05524240666845559,0.002594038143234778,0.004503947979138667,-0.013049818894804721,-0.003160351721043675,0.013916870621540456,0.013437712129171997,-0.003257992596944148,-0.00035982401484335735,-0.01179433174211797,-0.005898600645306451,-0.002302481508189458,0.01203816268268576,-0.008796201361281342,-0.008040357735256576,0.006803962628786131,-0.015519752076024407,0.014545474494960242,-0.0007884948978610362,0.006073347055443712,-0.01855988394513053,-0.013318552683824314,-0.012403159326177415,-0.02329333744129558,-0.013193365453894934,0.003058377072849172,-0.011523262286427527,-0.005160481470629863,0.005204221233747974,-0.0006427624138576338,0.016717548505607693,-0.005748990570020984,-0.002140914019576501,-0.008307955864411243,-0.0002355767502367767,-0.007203130992116447,-0.004328090793726869,-0.0006972413113921494,0.005533603024413747,-0.0023211023641579454,0.008490367356366768,0.012274927762507604,-0.0016674178689041197,-0.010329320420681465,0.006811495947958601,-0.009239877550198727,-0.03900304956106071,0.005218337065752365,-0.008927399938059688,0.00343588431168107
2025-02-27,-0.00025696224090876463,-0.01568542994619171,-0.004516956243624026,-0.0033251746150502193,-0.08204056598482312,0.004565467958702163,-0.020622240264709046,0.004569690859388853,-0.030559693232994678,-0.007531066356197047,0.010796480726051882,-0.006980833756530802,-0.018482333518158978,0.0009380894065351697,-0.0046008763003843045,-0.02924457614308884,-0.015335449007551016,0.004242230474106767,-0.005918658781951747,-0.004104778403338338,0.0011679968728959267,-0.023440508124549564,-0.0029812703174370014,0.002706672838326707,0.009448735917163775,-0.0038793035587411095,0.00954894622321234,-0.0008928582276604979,-0.026727034882157774,-0.020842273316123983,0.002817227190450522,0.006293566861956812,0.004448062982207901,-0.02151625411790148,0.010910791171856005,-0.010520869658010135,-0.00323903240534118,-0.000994768778299182,0.0011076225553829921,-0.00885743546046902,-0.0077730272421913105,0.0006174408202985759,0.012701977150127552,-0.033259964654706264,0.011234382648819485,-0.001629280263934385,-0.01736148816749783,0.020959177757894354,-0.00706194077365363,0.011211964484769465,0.0004957136827110631,-0.005236473032856681,-0.006482398410579626,-0.015427291522607467,-0.0033498898188144555,-0.004998584829370878,-0.008462171508286431,-0.003216043589574058,-0.0355269083104881,-0.00961367555382242,0.002535552128620555,0.004836480213472161,0.02521403715340087,-0.006311530194807569,-0.02070462171752463,0.012544995566158734,-0.018334304144944413,0.0024634599656154776,-0.053696132186856205,-0.02187957825247555,-0.0016701399154824825,0.006330717510730333,-0.015241759823971579,-0.005615765458115818,0.007221370231436097,-0.009890761815407934,0.004022873025675944,0.0021790284120670744
2025-02-28,0.012463940516027616,0.010361979706268176,0.01051624527873285,0.008189170887492159,0.005728550836706869,0.004602215056842329,-0.0011497550150043612,0.0160054453444467,0.011235963132398386,0.011617718197012294,0.02398234721570791,0.011039076622056943,-0.007785629345279044,0.004077765618743401,0.02030782510966045,0.006192366646091463,0.005678168271966877,0.0004995423312581515,0.014158591970338419,0.010633980925966569,0.013416708930470644,0.010124741335055143,0.0026484550788088423,0.02213530759088722,0.01686392439140394,0.0002514147416603496,0.0038948294309752995,0.02755308011910751,0.027277162589254278,-0.0006606840358958088,0.010178910423046972,0.015324188574259212,0.008288267007367178,0.00989265941520645,0.02383456167756104,0.0030452478888443046,0.020339477878837053,0.010836837653850129,0.012407117253488087,0.01441167073871008,0.016735978437136145,0.0023135601203727596,0.00590539419736591,-0.0019925696513746205,0.008757783371291072,0.013707608676963634,0.006290872657558566,0.0305606912350056,0.003770888581659637,0.003848046332178612,0.014741162523019158,0.009898683057572688,0.017229076230895757,0.014421036238642326,0.01956170155138537,0.01649286066227451,0.02062597744147321,0.013121010752945361,0.0014272126831940124,0.009918045217895965,0.019260729713163505,0.01860848401917159,0.018924315194608354,0.012614350513697081,0.010746401729941013,0.013100903569230438,0.02736155359427772,0.020204796011625836,0.017793201933695935,0.024255532596205498,0.012144501535785057,0.011901752837042201,0.014451201646364042,0.006050855315249404,0.02343948157511022,0.023014570337855256,0.013806040479048765,0.016384560825279504
2025-03-03,0.010977887601872238,-0.017015110829676883,-0.014527204767491586,-0.0015043152137856897,-0.005109304843716189,-0.026169656968660693,-0.029282733746052836,0.014965574398567716,-0.023765437473619033,-0.034627198806543635,-0.012300737003873019,-0.03316309731195133,-0.0027371845487216273,-0.002499129421253632,-0.0003373371026095251,-0.027777689080497714,-0.04145835521753527,-0.031115584200823387,-0.027569635638813428,-0.002814091343403602,-0.036510192582357326,-0.05066139212784304,0.010139721447301131,-0.017826520781441424,-0.015709402888101853,-0.006789040358903264,0.0057006452704779775,-0.024253558157732225,-0.05728267436861645,-0.03870722915844327,-0.021259124639571136,-0.01651674428799721,-0.004086582880887479,-0.0447804337739125,-0.04084917134400712,-0.02984616579877586,-0.025713597852719428,-0.006629365781584906,-0.023027087406426117,-0.02090698388470602,-0.03618965558576226,-0.005924458665223287,0.007714200904210378,-0.023409100969999597,0.01089325517187345,-0.01448809939404283,-0.01649359258641181,-0.010959237760242102,-0.015169506455039117,0.02986868736123771,-0.002482156284444259,-0.023909332155525487,0.009520947020303927,0.0033718379341602933,0.011208647400104521,-0.02070121066052888,-0.02685079428152093,-0.026114619960760255,-0.033586322048738126,-0.029670908005563157,0.01183428409394538,0.010969529566079217,0.006316261441167592,-0.02078158471546221,-0.028313871719942485,0.0026477437437624207,-0.02109140745774951,-0.009500935312800385,-0.022812061031254105,-0.0206551723549534,-0.0035672072321883963,0.0019323121963437107,-0.03861005847102017,0.0011025901709509345,0.014886653722467447,-0.02001513783166342,0.004295899168509587,-0.008480475282725441
2025-03-04,-0.016319472231041354,-0.021577564219317336,-0.01726080890593218,-0.011599830850551718,0.004812228810033181,-0.06562391992428573,-0.033575443527833926,-0.012253471003553673,-0.018811207094321047,-0.015931775569609008,-0.020125567960105006,-0.02429979448981645,-0.00713638048410703,-0.02286253006072969,-0.013836004297911875,-0.06432852791584753,-0.03954894894879468,-0.015992896999301398,-0.04775204464836724,-0.005643878030160421,-0.026798671285986897,0.0027292198047359495,-0.0035428593645208117,-0.0020167095517381606,-0.04262474409829875,-0.02265823332110639,-0.01275382315406004,-0.015795183767863152,-0.009209368375992066,-0.024144281358629116,-0.010725318374325332,-0.002200568878125919,-0.018960513686434477,-0.008902701477287889,-0.030529753405232785,-0.014056055249208055,-0.013922557093018817,-0.026350919304138243,-0.019495038687020072,-0.0012673359887225288,-0.020106533267796545,0.023374649206253206,-0.0029849738007491355,-0.02386797071070934,-0.006903587605538775,-0.03789605129633755,-0.01947538577975605,-0.04927645504800393,-0.0026557820673251964,-0.020236250548051782,-0.02704586071453785,0.01578824782502486,-0.011118863235038412,-0.013623392720222616,-0.00893256580690982,-0.03370777834742711,-0.039442868181528645,-0.022563849910587797,-0.005101418626677123,-0.03861750500222905,-0.009243546524715374,-0.015357573346397757,-0.03833227254297922,-0.013918747970979362,-0.02173919500772381,-0.01532651151756892,-0.00877995219889427,-0.05174274172581961,-0.05956146169447962,0.011015578558983385,-0.017452485231748693,-0.02071108033824609,-0.03175609121471357,-0.009912918192622744,-0.005940271217431015,-0.02202043570043033,-0.01634015501058861,-0.018955116106204817
2025-03-05,-0.009603003078036965,0.02173037524515875,0.009327362769864012,0.013564987452636235,0.012644795005164466,0.026809376521437667,0.02538536370954625,0.002729223667216285,0.045110361891972595,0.03592955883092608,-0.004473719549629496,0.0,0.00276449558641767,-0.008974343627619397,0.0035686224866111615,0.03803259455286012,0.0028035718988557168,0.019896162812035323,0.03080516748362272,0.0073622680961948905,0.015872973205092178,0.030477877711581725,-0.0003386055524937648,0.003502631174868487,0.010777442575965468,0.011656548991479276,0.04848475382461093,0.018765367172749903,0.011914229803375864,0.018399671790284122,-0.0037622948730543504,0.12356350872466138,0.007788415929488757,0.005855713417936892,0.02582274826789832,0.01371839847358669,0.03684150548590015,0.022442373520348946,0.01344523014019905,0.015353396322974833,0.016316441882765487,0.011269145528942648,0.016660170305187627,0.026354019019465103,0.025845587558210203,0.016977897988326163,0.014896657486189513,0.011997802468585617,0.0188332546558454,0.022357400553048024,0.0005451348429326153,0.010302267980918822,0.017568551867543247,0.0008286494810580969,0.0006577987610523195,0.014682637993878478,0.02424376818992724,0.016951124491546787,0.01414089850270761,0.02161501851525993,0.0017136818905236773,-0.0007629376445819069,0.007303880988161815,0.01332604207021526,0.02676487910576819,0.018676672897047553,0.01587988247966554,0.031058537748242854,0.05869385932408755,0.016210486129069723,0.008653503535958285,0.01909407096357807,0.06017630813511721,-0.0026294004584940245,-0.008846905192621213,0.012609105350104288,0.0018698732864952383,0.018457391125991096
2025-03-06,-0.0256741441902274,0.006878516722147232,-0.004863711157092276,0.026015124835451653,-0.06664053938573511,-0.02899001520080602,0.00426333086932984,-0.019176077417981996,0.007707729906508032,0.00744494485961833,0.0021447758846144804,-0.007082861902484638,-0.012497708272059871,0.00032340364590699444,-0.022845642705386138,-0.03188306409616526,-0.04473180838314894,0.032812815220341296,-0.01955404949596351,0.003429707322611719,0.004316348687465998,-0.03538053822035814,0.022440557751964407,0.04510679569638354,-0.0024759233840085937,-0.01165024846596785,0.006046526194517066,-0.031851857228028746,-0.07446336642754137,0.0063042363285621406,0.010923214289373595,0.0017563083331391116,0.007823705036815953,-0.021393257656927345,-0.044589471734042485,-0.005041573048467973,0.0037901254095582537,0.015552599556978963,-0.006191202782482086,0.013871573809064008,-0.013986802273586174,-0.004861351572114758,0.015484734499647823,-0.007090969007008896,0.002345594905228454,-0.01402334477220002,0.007746645979356925,-0.004538975825473912,0.0052271156092638105,0.002108824173389756,-0.001843837763222167,0.006004997858172212,0.011937614105488992,-0.06334243848949561,-0.014529862930412363,0.03806935428169744,-0.01424890558176728,-0.015023655060096619,-0.04850680352996728,-0.006723721652392878,-0.017297084481681213,-0.01811163990097453,-0.010490601260263355,0.001557679551575264,0.017697077052796217,-0.022065108427043456,-0.01984794708152393,0.01381778468216388,-0.054782515436630486,-0.01987453197886313,0.006814195077105678,0.012434909539090544,-0.012636314004454086,-0.006793816737446723,-0.00515349074096505,-0.012785613365307591,-0.019228238229207162,-0.005475386613150723
2025-03-07,0.013191852276536187,0.03101685098465712,-0.0008146081290839602,0.017294482201676065,0.0542549257734215,-0.026825728690762496,0.0017873704233151155,0.012949869934378633,0.030900896848927273,0.027242487916605773,0.050769176726739085,-0.007916195655250036,0.00018615552420775394,0.010669241500457005,0.012263132606875837,-0.03056768558951961,0.013718676149984343,0.034752679606486314,-0.00204284856982917,0.036336288233905556,0.01951177453294739,0.026770064287046313,0.04754020938522374,0.027360251136394176,0.016533834692437743,-0.007771995385669084,0.02649791184268513,-0.011221659359674674,-0.013335300735931588,0.0434716362437102,0.01193995635984102,0.010519295573626852,0.01543127376358222,0.023651428323336665,-0.0007229373901610492,0.0009601358295334705,0.005663766920053437,0.03534391931430769,0.007524303231932761,0.007333861222949434,-0.012458391463923135,0.046445180823772025,0.029514953534906185,0.03889362478650393,0.026327224129364835,-0.011175058623151268,0.014160403137117417,-0.0043555590432400315,0.01782168375344062,0.023821535231565827,0.016876613998652035,0.011093574946789087,0.014039221281670677,0.046164522735573144,0.023950782499943868,0.02965659704277024,0.006054626091527071,-0.016365975837578928,0.021338381621448965,0.01736450337418871,0.0015473507076668724,0.011620279770484743,0.0009354020256044926,0.023060412026879584,0.04535311522474106,-0.0022980097623201967,0.01164939158953504,0.027940587262756944,-0.03929523034148508,0.017475954837159247,0.016471582592559653,0.009294639658871118,0.0046015282247235945,0.022154218944186566,0.017334857840216822,0.009572657807937812,0.0158877501619763,0.012872156339907681
2025-03-10,-0.01129062069336062,0.007616199482610497,-0.025110069244877797,0.002881405134598225,-0.020801693957403833,-0.039110124956206915,0.007954853675682605,-0.035156865484220035,-0.005045099928610575,-0.014530399103631852,-0.00868710327650768,-0.02306138735222263,-0.017119500463492088,-0.0195137902115452,-0.012065336049382758,-0.0553677898022803,-0.01281124337659223,-0.021696466403653525,-0.04255544696532054,-0.018728689943102728,-0.057162117426148296,-0.022293582701466308,-0.03423470939616946,-0.0022505280457646437,-0.023877341519030315,-0.021932161902298852,0.0013993303886061792,-0.007080438433876846,-0.06626330552093174,-0.03792654755545999,0.008067758218674781,0.00540899953053442,-0.0032630992250407553,-0.047366564774757314,-0.016800665379696045,-0.007620219737869194,-0.02006342254876914,-0.02481057334166914,-0.007628656736935691,-0.019822442429827558,-0.026730033007358767,-0.013358223776368638,-0.0047966263895852235,-0.003280572974405316,0.011654178116468517,-0.03493155944645909,-0.01715419790037387,0.009022567108264434,-0.01351536592526248,0.01835485481195387,-0.01288080586051188,-0.008799773214446804,-0.0008653123563230336,0.020574261807165373,0.006776168806640337,0.004543023465865215,-0.04434821908897324,-0.0357668091943093,-0.03784243481786009,-0.022311465720843637,0.009656185418857044,-0.0037577248523379403,0.0009346473100910746,-0.007601182144697738,-0.02540187163822072,-0.004129366746418728,-0.018563671224180567,0.0002652790242427816,-0.06346518678991653,-0.04208731120698783,-0.004091282570658383,-0.008222368354017018,-0.046138394260369364,0.002097508162746564,-0.008253460342348196,-0.021138944912115765,-0.0077542947522449834,-0.018144192336138176
2025-03-11,-0.03481958709644062,-0.047921449001351424,-0.0028432875287959236,-0.035914413241176946,0.02170919037035879,0.039892027712392863,-0.04115652570950612,-0.026328260772508605,-0.020880026488586223,-0.01575859308573302,-0.034560832830507704,-0.014480602282866517,0.001703902936536883,-0.03686779034776044,-0.020188461095618226,-0.07252143567839453,-0.018095373429653505,-0.027169656821669053,0.01704737898001052,-0.041893378425190586,-0.009925773406675997,0.016930317154979502,-0.038559127345138555,-0.030701756089452026,-0.014401014425497904,-0.009610165703521578,-0.028756434928885244,-0.002082018285109233,0.052123011034463484,-0.000456602445819132,-0.03376518884641477,-0.010252266018503375,-0.024459831724655157,0.008114305186265769,0.02608132711663802,-0.007893464808522932,-0.007543056089435951,-0.048006881545506364,-0.011409678282216507,-0.03763826780234647,-0.011935351503717273,-0.023802528954471103,-0.02533857419821728,-0.06359372035700517,-0.02147463118573345,0.08339245263379902,-0.03409555328853242,-0.000542001873219955,-0.030084809794581724,-0.0027046808599128225,-0.025596050647279323,-0.06147107578698374,-0.026655104429899268,-0.04773755253066425,-0.05190267658140835,-0.05282197500962671,0.007566811732876877,0.010212365001011747,0.03937299358197799,-0.0193068841730909,-0.007077194179005986,-0.006815270153358033,-0.003190167693977841,-0.010958898903521974,-0.044400822067107715,-0.012110364971079757,-0.013003935845261272,-0.023727524551786172,-0.020097979036170277,-0.03298653316792188,-0.04232951278414532,-0.035317538896746825,0.0016840542092633193,-0.03329020685467132,-0.02506720363149717,0.002393197542086556,-0.01562978748355237,-0.036023456251617625
2025-03-12,0.005949922679050923,-0.016036817502829814,-0.00922512621142113,-0.021904315326246593,0.05933844586583725,0.03076726968894894,-0.004153794508713893,-0.005390306415313795,-0.003351163564354609,-0.004826631666000947,-0.01907193693323972,0.003976900194368138,0.0024570226514863958,0.0010162236343396192,-0.022130606524143448,-0.02956294088061595,-0.007259854445016978,-0.00868565365009566,0.0054212368133479405,-0.00029228475507070417,0.001083774997541198,0.034465735379016094,-0.0028950898203906617,-0.017582491777443532,0.002263710339637459,-0.004312690555027365,-0.015561020151935057,0.01710831292881365,0.050913103405570315,-0.0005329074720668014,-0.013499201227930913,-0.016819672012420295,-0.010738741192249268,-0.01683221518525091,0.019362525321505952,-0.015479571643727486,-0.016889880157776482,-0.013813656144969433,-0.00376521260978524,0.0017513209854447265,0.021951002163091315,-0.0038029200805486107,-0.015918652011502887,0.006128977836664884,-0.015739668888546388,-0.008237195532025732,-0.0036420104104600837,0.0183002487514361,-0.006116143601553881,-0.038473131455978526,-0.008670278521225483,-0.014907558586554237,-0.012258965814187839,-0.0004839552743989284,-0.01017071977629147,-0.022822753888223413,0.0031904818509862487,-0.006042193740794954,0.012478197581960115,-0.011955466770508627,-0.026006554979949636,-0.004660928717274637,-0.001170863953461887,-0.030143345916428643,-0.020516508810537792,0.004167077076035586,0.016199537627054506,-0.012627315306650178,-0.047331035888448336,0.007784789957319571,-0.0012196157284010134,-0.00945338954782815,0.014298491981624695,-0.016084066812716125,-0.008604920824192841,0.00045472573897931134,-0.006021151004821812,-0.006309105300026041
2025-03-13,-0.012339474422029317,0.008471844517086158,-0.02426490843564466,-0.0028946463305407066,-0.04181830912414786,0.003274586035690863,-0.05144448722939843,0.005975950584365508,-0.01803445521544722,-0.01425494276842365,0.0014556072136031606,-0.05379329276814793,-0.013951765944449024,-0.014213206128951716,-0.008480373260491558,-0.030463617245299335,-0.021563875612118366,-0.009079870363354448,-0.02563966339053847,-0.011070344476993843,-0.0147960866219633,-0.02855774860033089,-0.0052092360290098005,-0.03026700500719781,-0.010389750446194834,-0.02788302556073774,0.0044229069663987985,-0.013230822156927169,0.005222887779418484,-0.026891188343108552,-0.015233018043713464,0.019715228480899016,0.0016476881639593266,-0.00863489283483665,-0.040334590504983114,-0.02017593861368938,-0.01828441865053776,-0.0037008033383689742,-0.020129842226898953,-0.032502469426093916,-0.015505883392613051,-0.005538925594773203,0.0106724062113428,-0.019538651271801544,0.013932838838967676,0.0299003506467741,-0.026992805643223816,-0.027555941479103008,-0.01347981803679621,0.0326036200198363,-0.014158240208285378,-0.009480924493252219,-0.0030027913520160876,-0.018106027831321758,-0.009999188438234774,-0.03820974297385793,-0.0350490711353274,-0.018003428754782003,0.004777152050699396,-0.025536392396363516,0.003362278001232566,-0.00585360957078962,0.009690472278084394,-0.004668139134431204,-0.021685582714153995,0.0036593370936457426,-0.0013848870227064491,-0.010038463403712061,-0.03532980390476337,-0.0237358832085377,-0.013474300041356413,-0.00026024660451517967,-0.024911744212702702,0.003143680224405365,0.0051036202281682375,0.0014204154578494332,0.0015255433343059899,-0.015058998120670242
2025-03-14,0.009515350154591928,0.017512910440287355,0.020509775478811054,0.021390315782434888,0.04059415651402665,0.015628860908271536,0.027605857535847322,0.00922104985010197,0.03548635577184678,0.01899141570466112,0.021386998111521338,0.028058305361763347,0.0066922044727362184,0.030209439357541168,0.011858563200177308,0.06443541710921874,0.06151780501531068,0.02228695732700947,0.022869810814512448,-0.0034215940083002216,0.02500004210462503,0.03493114871032277,-0.01150314627408111,0.02130543137084384,0.005062658855332192,0.02631569477121798,0.0033312727928103136,0.024373795271428467,0.044597812179342444,0.020901877587216733,0.014975796973625721,0.0033246929947301496,0.013450024924354986,0.02718510232214677,0.03046351269828973,0.02334067459497624,0.023375023048692656,0.016335828104644845,0.02339429745983601,-0.0028775795529690784,0.028272673968595452,0.015778356612828448,-0.0005681986512525716,0.02938165570769291,-0.0037611712716543177,0.023548322799734178,0.015893565723205993,0.029500393780782508,0.02678341896199954,-0.0115371225166494,0.020246850810581307,-0.0029451228782018113,0.010139578726138465,0.025490546939070713,0.013095537158205106,0.008026831609064145,0.027431739281473577,0.024762034700455127,0.042031313281727156,0.019193965918010703,0.013207209507718698,0.011906879396581749,0.006114688392692358,0.023913139901464486,0.019773261205925152,0.012238599371102277,0.02626144486273385,0.0169515356394514,0.05393414250027795,0.029348307478529678,0.013829087887198721,0.01327778165871396,0.04838681275226575,0.02319012300081047,-0.0016260288102827314,0.013844035036743474,0.011174890356350886,0.01454543246398421
2025-03-17,0.01652037347338231,0.005605566401981399,0.014136521426804327,0.009573801525703862,-0.002588721849720921,0.0002472563223876456,0.01553206606829427,0.016780207569085492,0.016533840476339545,0.008832893784896267,0.026631476503759632,0.013832679265911585,0.02089265797229678,0.010663112083235005,0.012082567740453465,0.0029945563674338427,0.027983377038097945,0.010157087040700397,0.010047506303451303,0.01839604378072579,0.014830617550904757,0.01232932820603061,0.015197618068067298,0.010762729166278406,0.012799380229456592,0.013973701851183407,0.012021555600548073,0.024960686765231666,0.05844459051094475,0.0158729545840135,0.009908857847707342,0.055923741782134995,0.004535277057668763,0.009506460916600235,0.021816449321394815,0.012061997920769674,0.013435882168327584,0.006562903102351303,0.005899241970003244,0.00308726299954043,0.023352229738831776,0.027127470741584725,0.00909692818833685,0.024768744083041305,0.003088927997234814,0.01260645515847103,0.011093752704263826,0.0186157361211301,0.01581484621338003,0.011486191725589068,0.008996895973265806,0.022276840765625305,0.007652532443609195,0.03855951059630902,0.017533055875848857,0.01975604121096919,0.022537345593240055,0.012662612560789155,0.02526738630044978,0.006917975487430894,0.007782058882747078,0.016163099320584795,0.01584732185699611,-0.007835146474420074,0.007163149567578575,0.009238723658559156,0.009028175201840627,0.019538210686317337,0.0033935116901548934,0.016491967223567938,0.001389256913000736,0.011133846590771768,-0.0035478203334827763,0.005104669535294759,0.008420638607896658,0.01779608992522186,0.014809253766305153,0.0026067423912550236
2025-03-18,-0.002191619951818047,0.004789204654149781,-0.0142753225914517,0.002518916419537831,-0.02672942016162294,-0.0017299893032922675,-0.003355385846749104,-0.0010369009576315369,-0.004879407565209992,-0.017306856956641914,-0.009306939847035567,-0.011037903376140967,-0.01544189453125,-0.0023079892966988425,-0.00901775243957803,-0.020686666244708163,0.0033368887599010133,-0.0024464185549488704,-0.011915256647234473,-0.01927074494691361,-0.015318190971588597,-0.022171299824147006,0.002566229142077603,0.00026279849019217316,0.002038332904376494,-0.004816655065088882,0.008824097985359769,-0.006137767453744392,-0.03925170523226296,-0.004453474916349065,-0.002700984737017409,0.006952135419967087,-0.003231636421733408,-0.02232165661949903,-0.00789044618960355,0.000162583545828765,-0.016391458359220623,-0.005817391508856518,-0.002199257609764249,-0.015589462253811748,0.0012268090762923567,0.003328540792559398,-0.0025824799886240424,-0.013222191929639804,0.0035713391555860508,0.00809203882922449,-0.005767261102416432,-0.014946805561421472,-0.010204970602785135,-0.0014067165683667726,0.0006826678068156955,-0.024319704324805458,0.0027616401435450744,0.004722037526297518,-0.006757274271672942,-0.00948899795945457,-0.008333603304885084,0.0022944569851135466,-0.015108487546729332,-0.014733346754792875,0.002509683293183018,-0.007295613664130118,0.004846613340369954,6.0826688810466933e-05,-0.002820355040621725,-0.012149092974799047,-0.01960449556412469,-0.004958540424964908,-0.034902623037923464,-0.016224395032470307,-0.003237209861863377,0.006776259359798198,-0.01876879467076631,-0.0009141584266844083,-0.007147548462289932,-0.0006597736809944577,-0.010167039959374513,-0.01754960796558125
2025-03-19,0.009664494830094794,0.005235117156793034,0.0056224544697422996,-0.0008868022596090208,0.05207503032599248,0.06839133064340963,0.004462825399169201,0.017904246334941032,0.005646355482340715,0.005672479330216085,-0.0074955134057532735,0.014292444226145395,0.01814064498084722,-0.006278880607023862,0.01530424773038197,0.039851936168207924,0.009452075804904148,-0.003657717478052658,0.008242082880467017,0.028137273780933114,0.004827887469690317,0.013487386789833522,-0.006825914182945425,0.004862633233360336,0.0053701825288503535,0.01169670172797388,0.0016821876048485063,0.023806022990941145,0.05289555385687916,0.013496086037866561,0.00904829043084554,-0.0054658548026190745,-0.005196902581421026,0.01733157531350571,0.029083743889312785,-0.00021660402693612912,0.006371762081484045,0.006283368014818658,0.014285660231957209,-0.0005437666391547857,0.015684310844856997,-0.0004326452166883987,0.0028715579833462623,0.017303961914664434,0.002706295353331889,0.03735718231860963,0.013157906206985537,0.015173602446860945,0.00019180986614819595,0.0034911325321327347,0.00046896460639267445,0.00222117815521794,0.010819286637012926,0.0018890911288971246,0.0036737315918373703,-0.006187003884582154,0.02207986289018904,0.0193429132293772,0.02673152419164726,0.007360596569851552,0.001925658728450852,0.0022219061816852737,0.019820695327458893,0.010690573210962118,0.01032958905648429,0.021520594311981833,0.01743881693495708,0.0025589968091166426,0.04331376683354238,0.020544982929563638,-0.002952405205344566,-0.0116944248947628,0.029356652908179015,0.009150104248779156,0.0028034439289001956,0.021183017003372884,0.006596778809827564,0.0032252508755270526
2025-03-20,-0.004283995379217975,-0.007228877224084496,-0.006438187811942386,-0.013165776094723025,-0.017074180100933423,0.0012165839404909562,0.0036635844204531143,-0.006627854151942669,-0.018469226934591743,-0.0069990024926323,-0.00010067844279681992,-0.005379677902269009,-0.0005568410059274553,-0.002993036163884466,-0.00972654873098533,-0.016753952717746268,-0.0005201799939197338,-0.004985321890232708,-0.005321715397914706,0.004912090368327293,-0.00524958238161799,0.003293082011829318,-0.006271477379744872,-0.01242462939078548,-0.0036823471865379265,-0.007840588660367964,-0.00847105487912958,-0.007977868945682531,0.0030673336653221916,-0.0023191259283323884,-0.01009575858736489,-0.02757546096139407,0.010735653263699962,-0.008854224499512231,-0.0023487431521038715,-0.004605144681356532,-0.005600910655537583,-0.011239428827730436,-0.01899394053418224,0.003060116502469734,0.0031367297374764735,-0.027056279923505344,-0.014785911668323548,-0.021405706453825557,-0.00809690795703133,0.016369192051256087,-0.01675733950992786,-0.012662340066898592,-0.010346975877791209,-0.0046590076883202824,-0.004772913204770579,-0.008064542688535292,-0.008465488463448523,-0.009243942148900341,-0.015589980940237558,-0.012752225239858528,-0.008396772951566378,-0.008533527513225225,0.002588772431962205,-0.007460740975415825,-0.006726851928446798,0.0012789566819522147,-0.006281512966954006,-0.008744506993113466,-0.019961165640339895,-0.007715162375722784,-0.0020854050651867295,-0.012762017745260312,-0.005239814430328837,0.01821421380715682,-0.006768532451219,-0.004171231134066589,0.005981466316140827,-0.011283504512153875,-0.00710989505927373,-0.0010237708781513088,-0.002023267406814022,-0.012117685819931556
2025-03-21,-0.007361082947719644,-0.0051675921047298345,-0.008014500227977894,-0.003147951042396402,0.002847418441534799,0.03055024430572062,-0.01786265548684207,-0.0038920386979472976,-0.003913994732574366,-0.0013977495966058795,0.0065457630369283315,-0.01014128876480802,-0.004085374414849463,-0.013675803929184771,-0.016918658280065446,-0.0038339066243426867,0.014920205056525582,-0.009622271937877125,-0.009156183409632757,0.002259229735600332,0.011717325335256268,-0.00030454936020796186,0.005446573248580222,-0.010329871230119303,-0.0644977988865223,0.0017412189673129408,-0.008618767213533385,0.0009807971620201528,-0.008787796268481696,-0.013797213028415412,-0.0005853239919385578,-0.0011898488555562858,-0.0036511784297285077,-0.0024176490820407848,-0.006227700608079756,-0.009905776464475657,-0.008693545309611861,-0.007972822138598401,-0.0052505766317682,0.007118696651158052,-0.005051138078593587,-0.007564020685216222,-0.009100003010052649,-0.01593050203029367,-0.0579337395259939,0.019912110653170778,-0.011504264671265418,-0.006015824737053532,-0.008655893438429318,0.0030456233016757928,-0.00766456540907412,0.025383240621988046,-0.006771379978846359,0.013322276360343555,-0.01521729325785448,-0.012306798662598983,-0.004193915129407255,-0.009966136091559386,-0.010623473492399338,0.0027123067907417475,-0.0009674869886362458,-0.006471935449588684,-0.015616916562271044,-0.005759863829660428,-0.011922439785272299,-0.010744150405008202,-0.006269026548982537,-0.005578917144902884,0.011210181264066144,0.02004032137657874,-0.003875764227372236,-0.016071202584406974,-0.004011504127292453,-0.003770251075035813,-0.008759629047939588,-0.0033978837305098653,-0.008770330968732698,-0.011431909638628057
2025-03-24,0.012088669420727172,0.027782120368416097,0.024639062951877344,-0.0019547089192777367,0.022357177734374956,0.015664439259850615,0.041673230121930915,0.012537577322139892,0.02705154348304517,0.017541283582954037,0.005302712444440694,0.027879409365216157,0.02666418565533024,0.009469105322600369,0.017785242815179236,0.04511446574171152,0.02837606576772833,0.015938868533337036,0.032676490949978154,0.005573784316977415,0.01998061442135568,0.02504740922021864,0.01349953991376096,0.02957321656866574,0.052055740212561874,0.014975274192870813,0.00937707004266164,0.029882868820085395,0.029053200552275227,0.04676090097856034,0.019011572718072856,0.021938684151373344,0.008233468411887657,0.03292355130428826,0.040122354739068555,0.017536181871550927,0.015686811972319026,0.017108299426580986,0.01599995208794014,0.023359101936077264,0.02622622646819317,0.014645319859707628,0.013126310927918716,0.02932149164154496,-0.010734599608945739,0.0002870612484719981,0.016954126491175447,0.018555438597278373,0.01824782945214065,0.008884860550549378,0.016396990375848963,0.029233725669708166,0.0016797056400468247,0.024599132545557678,0.012655600581541027,0.01575535567624975,0.03292087298106261,0.027796882817941793,0.0379539236970885,0.03543403039713233,0.013364309462018165,0.01135685832768174,0.017526706059552755,0.028630598994233925,0.030668693404766634,0.025428624931590926,0.030131895598913383,0.01642025922383228,0.0714571694651811,0.008834465067149466,0.005643883587369114,0.006081715821913969,0.030119743750788963,0.005011927219909396,0.0008415206187555313,0.02208035303164979,0.00591343876461603,0.019667455860378658
2025-03-25,0.0016393484677541537,-0.007657557814297666,0.0049210348747179555,0.005423998943063113,0.00813940645839173,0.009342191809986078,-0.006680252429701272,0.004749417306184833,0.002207194074598906,0.002780428564505444,-0.004777058502496989,-0.0006342544298388875,0.009625840284740228,-0.01072026779174795,-0.005704847895078302,-0.00429629436461787,0.0006649088369148348,-0.0021459871665781005,0.0012399015172894767,-0.008314334170062887,-0.0006067598426608978,-0.009377970148124803,0.003817731180994599,0.0019494066681651212,-0.005158436189084736,0.000790447178801168,0.006243459298025833,0.009037733630033573,-0.021451217158768188,-0.010895620105691006,-0.0014017810095315886,0.001748538783471476,0.0012744308443539687,0.011788251102933689,0.011902921643570874,-0.003943914384447966,0.0017025721683741057,-0.0025426310464296,0.0034905987176661046,-0.013616594100927082,-0.002129620477840599,0.0033877286860519717,0.008779746775748887,0.002831577553768838,0.01629961635827737,-0.004879521734189263,-0.0055099341380229205,0.002285460836690678,-0.007948853830344604,0.023309376365901135,-0.006580333518747428,-0.014407487395572072,0.00019733885045702948,-0.001028275843552029,-0.004833296393460196,0.006082678890233284,0.013663584001127882,0.015025053281284562,-0.0077225976666468465,0.018249071802915573,0.00019114508335937863,0.0076273703081009,0.007201780222500398,-0.0042682830785792936,-0.01865856167653257,0.00996849350454343,0.017897037957556483,0.00484654839844767,-0.016454745384416047,-0.01176318782838881,0.0025084784260280824,-0.05051820333141377,0.009751526007394595,-0.005190428954530035,0.008269244360491701,0.003918261423172753,0.0036686817671856,0.018956930685259277
2025-03-26,0.010120874132583113,0.006096264584312117,-0.015581549424477426,0.009291142757212212,-0.03139401113538953,-0.022126038486011246,-0.01421475371487646,0.0052755906478794135,-0.016737506127140866,-0.004407228526696838,0.018799941484159755,-0.008613691949457158,-0.009354208604719028,0.012529569824999198,0.058151508710435174,-0.012327922826059212,-0.008804029688989967,0.009792691095196426,-0.018789780790010147,-0.006534639369020434,-0.014830942869799024,-0.04826664957175619,0.0071838945200422,0.0,0.010785212524428323,-0.010267230296004182,0.007624846089639314,-0.022439109287726855,-0.055026714878348315,-0.017184375188045498,-0.002029888408027536,-0.014448441153294023,0.004714251040194295,-0.01976692816952219,-0.025994774530568088,0.0020069504010482575,-0.012019021648246975,0.0035295543617335223,0.0028312337588849434,0.009603215907328932,-0.018733663742974138,0.0006605029457060763,-0.0029638746218415557,-0.01535946632134777,0.007012472394550162,-0.008076026797106617,0.0002841514915874477,-0.005342158781956985,0.0030107837147723693,0.0010264608894734462,0.007521333486725901,0.006384148793840749,0.0127218773944624,-0.0032223887284921204,0.04204545613258337,0.0029222420256065362,-0.021263140347476228,-0.011732448199455958,-0.056506792908429526,-0.013084123276914328,0.013758792346007409,-0.00016821551960644054,-0.009803944843949863,0.0045545820635362055,-0.025226754974011056,-5.0172719367469476e-05,-0.03280217740126956,0.0071007194884538105,-0.013054483642297998,-0.018912846100149427,0.009500006933741423,0.009640855917345093,-0.018044406570149607,-0.00020455762204385497,0.014838670690115352,-0.010073858740676234,0.008191269290363401,0.0003249536819751597
2025-03-27,0.009986405822900002,-0.001457273381126778,-0.007574817589516836,-0.006681459439144555,-0.015043060103132833,0.003136362638041623,-0.007442489130819241,0.0029387778511038576,-0.01941183004358027,-0.005306257234964584,-0.001963076612298442,-0.013962506289901921,0.010350457562791515,0.0006689363828240591,0.007522861420427462,-0.039941751878080245,-0.0003351205577346583,-0.008064158554209166,-0.017009661534772236,0.008604633484075919,-0.013293377665055783,-0.01614594762842181,0.009314479404227027,0.0083021033677102,0.0010259209859329044,-0.007979758424834449,-0.0003338666274905755,-0.007185133034574909,-0.04627013993256546,-0.020473776101587515,-0.0009613609766551123,-0.0005904341957010395,0.00492687444350115,-0.013357154214440947,-0.012747943758790292,-0.0043846928397248686,-0.0009829262282077256,-0.015358161740774756,-0.0042752408363238015,-0.0038972553572553803,-0.0071290806499395565,-0.004840865170267938,0.0036332980982383134,-0.002694894252459723,-0.0064919243007335314,-0.013375996637035037,0.00071001285483141,-0.027770368337981854,0.0,0.013171892939846774,-0.002332854059238665,0.009248868053312709,0.0031161727372828185,0.01391887754843002,0.010919373312164637,-0.013463249737152294,-0.01764680016313902,-0.009097959391414223,-0.022099453015910875,-0.004456336607914668,0.013760644163930191,0.008496345194791477,-0.006700004566835616,-0.006400898576131797,-0.009306508644404188,-0.007015601433838392,-0.015508728030286467,0.0014633281181837265,-0.055733964481921805,0.00916689542165372,-0.008654362716929875,0.0,0.006733129815807093,0.0016371087582736088,0.01664221134567123,-0.0041025560878025225,0.00039321024428051743,-0.009014877248311404
2025-03-28,-0.015060694953121234,-0.014594177715785861,-0.029448664868137575,-0.01928255862407824,-0.02851177973475505,-0.032382351806114595,-0.027493530240005004,-0.00577673715448479,-0.03563263335577749,-0.028322959033405426,-0.005409154644183123,-0.029124438323418267,-0.008806575649616066,-0.02707218051090554,-0.01469094451611963,-0.05005419232635333,-0.02246437750729202,-0.030038355966474417,-0.02511855603794,-0.014273386722675308,-0.030692368942364823,-0.023993455517644424,-0.004572651232087388,-0.02006949409981995,-0.009060317772521143,-0.026276980181807907,-0.0015214432158774382,-0.029143218631031864,-0.0002310215680969563,-0.030513388601291935,-0.01236783281662579,0.010681852616338361,-0.01788299541086158,-0.029210550371197574,-0.020690172352726077,-0.016419175894891724,-0.022878288772784083,-0.02182886707181908,-0.017984455760749585,-0.0310344550187871,-0.03018130382837425,-0.011939902655355272,-0.023272196134085377,-0.0420390928860106,-0.0017862246852500263,-0.010020666869223205,-0.02540449177954307,-0.024252250677659237,-0.02948436103995289,-0.003172357391321823,-0.01981210361363217,-0.03160428814388894,-0.008737051632799697,-0.03130813399350285,-0.005268996966066197,-0.01303595031872773,-0.03964804811015166,-0.027656566581429676,-0.0023149103578026242,-0.03525066849886993,-0.013387832036111602,-0.005129927973066883,-0.012815691193082901,-0.01783537261262147,-0.016471506713078066,-0.005100240232285058,-0.04212349002100846,-0.030286896642050976,-0.044879579452576146,-0.028185955024689013,-0.016188506979748607,-0.012161061146072294,-0.028285094871280392,-0.018898698038656958,-0.007780806226044934,-0.027444897366686538,-0.004803115135164626,-0.02114399813680312
