Date,AMT,ARE,AVB,BXP,CBRE,CCI,CPT,CSGP,DLR,DOC,EQIX,EQR,ESS,EXR,FRT,HST,INVH,IRM,KIM,MAA,O,PLD,PSA,REG,SBAC,SPG,UDR,VICI,VTR,WELL,WY
2025-01-03,0.00845161960611307,0.017025651798898256,0.009674213732439485,0.016418041186138987,0.012317214616581529,0.008178289827692531,0.020840598672282606,0.020047975889261327,0.02677966623964867,0.012896719994847095,0.0166696379127782,0.01184524327163361,0.016921868115043814,0.021990714717229132,0.006241454963281212,0.014534891999584021,0.01590836063091805,0.009165531084095901,0.008707078777748789,0.016986895864016693,0.012927815543548826,0.013140228473215387,0.013048910029442418,0.011355731112040468,0.0069860250276616576,0.014637207176712241,0.012931990855679976,0.016212485945378052,0.0060387532528527466,0.008819758243707732,0.013219075991527607
2025-01-06,-0.012598658462341317,-0.014421182422555301,-0.02915542534244364,-0.03898021816911523,0.006768056195045169,-0.016112811549221173,-0.03083627108939524,-0.014394476339478768,-0.011775106163434357,-0.019588539918660608,-0.020802663649769015,-0.035401931960438726,-0.040316581318573186,-0.016419505257139977,-0.028185738004179672,-0.009742058443817259,-0.023175650087153166,-0.021475819351125747,-0.035822134885499124,-0.03411576878679079,-0.010322782595886482,0.009751058452720951,-0.015377101936212334,-0.02670136100359366,-0.014222060999474984,-0.009428027487790924,-0.036907986865658104,0.0033944541264150363,-0.024181103379974367,-0.014067690003918054,0.004936500471651506
2025-01-07,-0.01714188736321587,-0.0037858953111196136,-0.007284532136217492,-0.023058680859958436,-0.02832540235129888,-0.01219792537241804,-0.02776309180651504,-0.011936504494443057,0.0015590265966263228,-0.00549458553256188,7.44787064721475e-05,-0.013744795689713651,-0.010007747132678602,-0.000875073561626083,-0.015393236864779558,-0.01331037324468598,-0.00737423564589712,-0.026491375316276433,-0.016562346334874745,-0.010082221124753765,-0.0041723304032604824,-0.0007500506894383419,0.008011477171157688,-0.012943137261339221,-0.015281745341275244,-0.001376127812346195,-0.01012303308604634,-0.01048711000962288,0.00298765844998794,0.0015316046603035538,-0.017193014876983104
2025-01-08,0.01140156013334459,0.00030804574709963894,0.005396930484767193,-0.005687529166565675,0.008861935595905868,0.00045728073675532777,0.0066176772428159225,0.013928307547440344,0.00550361529804011,0.020592770692754003,0.011669320798221028,0.0010378303288751667,0.009553486044368897,-0.00282953177297951,-0.0032411756791190793,-0.005278458115188345,-0.009366914921190683,0.02145198817074445,0.003186228465863694,0.007284455685318214,0.0,-0.010133248329401545,-0.00918854831397986,-0.0001425768673356531,0.019500763400697396,0.0029855542451771022,0.0036522938076835043,-0.014358995383464968,0.021026789024031434,0.01802965584282923,-0.011781495350606797
2025-01-10,-0.03197720023235184,-0.024643189112500408,-0.007533951996127941,-0.025453894885939632,-0.04707967843906513,-0.036228467405615694,-0.016930773697830026,-0.02060546210776637,-0.04163204668208831,-0.032480399524836945,-0.053846306013626055,-0.007997588782536869,-0.002714298162731499,-0.00824274451497331,-0.02783089707929498,0.007075521832154097,-0.012715997411027136,-0.01643169129833577,-0.017241454182385985,-0.007700486925699024,-0.015996973626322242,-0.018104348540879056,-0.021898062498544535,-0.01881684243674886,-0.034800477422259335,-0.021352014733535207,-0.017281492199475612,-0.02150537269001518,-0.015102132114558242,-0.013440901613992917,-0.014089600834516491
2025-01-13,0.020062195066246513,0.02821355923797486,0.02376992990780291,0.017167821671215888,-0.0008894688443457088,0.016601464987730408,0.022902217395777802,-0.008301156551522526,-0.008192046029777078,0.017293950349713816,-0.0002000271455618874,0.03329360859244179,0.04064002386686094,0.004155626021078218,0.015445171572399552,0.00468379722771517,0.021796594344621667,0.010676083157629357,0.01892890415637094,0.013496260174964192,0.015483055143645341,0.01718323363966201,0.004325331647543118,0.02804012606580475,0.011413209114193412,0.010762731943039228,0.022199998930949594,0.018433223575794244,0.010629069161865123,0.007533258099884366,0.050201542379243014
2025-01-14,0.010512029183197491,0.0014333874500076504,0.01126152834924854,0.01399308984336578,0.010925915589108381,0.010964549471800922,0.007701835909944776,0.004618266569433871,0.01145874106071565,0.007000004236515478,-0.0017339611337651162,0.01025853689911349,0.005336487598738726,0.009701561332954745,0.007265959043896153,0.0069930564975388965,-0.00032321232785637033,0.017605716374676117,-0.0027185646983792777,0.007856673779457424,0.012959694379709896,0.02609852273639901,-0.000895580697033993,-0.0014131294733298327,0.0003077338504546834,0.004455959797545761,0.005124486448476739,0.008353620102104165,0.0017240917866634398,0.009147352656162289,0.010467497505800338
2025-01-15,0.008501094744670645,0.006338841826964758,-0.005041106910109616,0.02432788074374148,0.051156826533556465,-0.0003461092829657453,-0.006043359662872949,0.0518603732035412,0.005865885249594305,0.008937569098611764,0.0021378023287663694,-0.006578880000997267,-0.00565970171414476,0.004434516122540089,0.0004809180647016298,0.0023146799054172273,-0.013902372623491144,0.020569063630117457,0.0009087472245048467,-0.002635863285063489,0.0003763256119517777,-0.002497264910603425,0.0017585177903507443,0.007217434304097603,0.011332153509816978,-0.010485742182357427,-0.0036416586682098684,-0.0072488887028112625,-0.0008606288327116518,-0.0022070181709281655,0.020718261780975578
2025-01-16,0.054070661420461796,0.016864707769319587,0.0036387409913285484,0.006111149288750672,0.02627568064017649,0.046283484726373114,0.007242538003774612,0.0027314524024568687,0.029672360032347855,0.018700671531431068,0.02208864159384416,0.01137338382593489,0.0031817681249834973,0.01411475666287254,0.01317052069235114,-0.014434076157585851,0.019016435875195414,0.038331009298526286,0.011802012678991058,0.007828192894902664,0.02651872406815481,0.028558148368787117,0.024820285102373774,0.006885046339493162,0.035237985919026826,0.005589581569635627,0.008528260573197555,0.01808064219868455,0.005340268217741917,0.016904926316834157,0.0158998914067483
2025-01-17,0.0016835123956828735,0.016984767522308042,0.0011014090358696382,0.010353334536755687,0.016029711778177136,0.004522856499613592,-0.00044389646497622337,0.005856719094248897,-0.009272699491959191,0.003864790954789976,-0.004674439450817913,-0.00683279065975162,-0.0011981208316952374,-0.006596352227508873,0.0,-0.000585846347103347,0.007721966496747168,-0.009342338657348348,0.0,-0.0007302637776177567,0.0007327878789753495,-0.01307124206956789,-0.005475285759613646,-0.006140113024277527,-0.0027915721015484563,0.00827977027210225,-0.00459044071902126,0.002390758562094364,0.009252944323670853,0.004738527536209736,0.005661017770989485
2025-01-21,-0.002416170064232781,0.010020599985310685,0.005042653807272313,0.011613561735133393,0.029435385811856563,-0.003953510838510699,0.001509766472161278,0.004197768373643385,0.028750848298778386,0.016361935712920328,0.020107291255221815,0.005159821278487797,0.006456924995899005,0.008698496859963933,0.009108993031571755,0.008792501916257134,-0.0038314283076469335,0.015473351363601173,0.009421283186271001,-6.652917985183748e-05,0.011717313928099271,0.07115443964909018,0.0032761275509867183,0.010390272224629848,0.0036835191996986705,0.01045141998690502,0.0026699392249089904,0.031005066467467923,0.02359929427020102,0.033477673951318065,0.007284696962197357
2025-01-22,-0.024430029253174168,-0.02120416926493507,-0.022030643883376166,-0.01769306979003804,-0.01064282655042248,-0.025027495356498286,-0.015872972142178643,-0.002022674197298402,-0.0061015730771084575,-0.02698865597760225,-0.00938978670166335,-0.024953581493497468,-0.01872095876811941,-0.012112418127209423,-0.0176774120049199,0.004648531046656634,-0.01474362064445256,-0.008385115632716045,-0.012444439119964068,-0.02245693458794562,-0.023525102492158445,-0.018248431774876672,-0.021175558843869124,-0.011534086591422965,-0.029164235886341427,-0.017390428797697588,-0.01960786902797995,-0.02676801335690715,-0.032011947199173774,-0.018852292929408154,-0.02169623275452992
2025-01-23,0.005936643280650911,-0.001788762416589873,-0.002844951139923668,-0.011962158041254223,0.011331051372568846,0.0023748112718819936,-0.008740322726714767,0.004999258296283449,0.00586496391310809,0.004866155085452739,0.016968755058399454,-0.002778541881221064,-0.008109987109498729,0.009528849923264637,0.005934693266327562,0.008097033860179126,-0.007156745562395428,0.0120930304749165,0.021152146860889953,-0.001563333433157732,0.003150423332680896,0.02961868329549522,0.0028891214901232143,-0.0008435765809843287,0.0014616557902760174,0.01133609007317471,-0.004444557322090703,-0.005432904083676915,0.01850582231656528,0.008311147262131557,0.006048434714336581
2025-01-24,-0.007028222866023559,0.011747196467167154,0.0044433799300322985,0.023657127231581976,0.0007800355057359099,-0.001692262296056346,0.0057266962963715695,-0.0029576982983618993,-0.01640234004083574,0.008716738860057527,-8.502502764462516e-05,0.0008798009725630163,0.0010804559951604897,0.0034983746917567338,0.013797690136182927,-0.028112331970685855,-0.0003276602060018341,-0.0023358235121488935,0.010136536346821545,0.010279201978023345,0.003879626671387637,0.0032900373646189696,0.002057697970681893,0.009849415827448915,-0.009361281103469454,-0.003488526752412957,0.007936581560908706,0.010583848338848068,0.02321668105616226,0.03410468733352778,0.0016699874120382763
2025-01-27,0.03760532002912753,0.00472304602283935,0.026076774222452137,0.014002217737587364,0.014100405055802234,0.044524741362292675,0.030188073388376813,0.030744318590989916,-0.08731303155590919,0.01776281703150051,-0.043311904811075275,0.027692277168384072,0.018565819418345564,0.02611324678139293,0.031912981488826375,0.014167634281161856,0.017699068886852798,-0.06357493662216818,0.02225130354630034,0.03517287627462973,0.03054840457767849,0.01950724240342483,0.017557126323297423,0.018391999284682825,0.05644461795058864,0.014060261935230134,0.02559059496477123,0.03209455836477937,0.016441966307102707,0.0124313129508129,0.028676256668457745
2025-01-28,-0.026609015763864874,-0.0475957919386355,-0.004538201932028141,-0.018903387866912924,-0.0036332380618522286,-0.02899481464453635,-0.012195208378876776,-0.004186285774513299,-0.01578240426660371,-0.02547179097231922,0.0074547725092730666,-0.012546188594259045,-0.006676279537967789,-0.005769171727988409,-0.011187942017262031,-0.0075671245724953096,0.0012883317444554176,-0.05010100889512492,-0.021340124469331312,-0.014450336376281792,-0.018214367477032645,-0.008577299681688744,0.0005381234664030288,-0.007661680486894307,-0.030152927645928695,-0.006112099654372538,-0.009357056422494958,-0.017675921072135004,-0.016014195321172098,-0.009389704256624443,-0.0025932131326700247
2025-01-29,-0.01765367658641004,-0.015012811280083027,-0.020059347222993518,-0.059305851297022705,-0.006732164605731561,-0.02072428327362852,-0.017852313824224253,-0.006174477190546757,-0.0025287748237923235,-0.021781158164641434,0.001565860699617394,-0.011261839021333375,-0.016287346082663356,-0.013410696611492412,-0.014074150087260984,-0.02697928389343429,-0.013509235177655676,0.01852606945807178,-0.022241598791883366,-0.018823111873745746,-0.016733358519283148,-0.00865150624343669,-0.01082428954414616,-0.016544799761485485,-0.01770220692607538,-0.01133118068289729,-0.012109463206264603,-0.012329266214445411,-0.020220343278037123,-0.016186676190244165,-0.0074748402275949255
2025-01-30,0.011926241412619776,0.0006262715100413541,0.02293568676139679,0.05171431472475008,0.021251020331873205,0.01297074724103675,0.023693261337196514,0.011500265692524714,0.015457907505096236,0.014844158661522,0.015304532674101035,0.018399281593422412,0.016412414152517485,0.011044283674803701,0.010356408513948479,0.0030137471655329318,0.010433656748239706,0.013815653040885056,0.011596802415438479,0.022078671971557107,0.004809591162611149,0.012419263894995813,0.01287966459737988,0.008832064173712295,0.005249920862989699,0.012440157746478775,0.01569016904592324,0.0067476798115859715,0.009396034094722783,0.016675297808633305,0.013752437111259619
2025-01-31,-0.004681997182624298,0.015649454198521484,0.007413048065542993,0.010220855613465085,0.0006222716935895267,0.002808111582608186,0.004505292334196387,0.0010455022812907444,-0.002252991298811735,0.007313420260200321,-0.009185295046063913,0.012761764987482938,0.012128358265007355,-0.004589163020764397,0.003139711201069151,0.004206780444140579,0.005162991134486594,-0.004215639170862984,-0.010141092183338363,0.004873562639936324,0.005890940446770632,-0.011603839426698404,0.0014427628344211296,-0.0016675852960637005,-0.007934127925014578,-0.01097895805803506,0.007482533857842588,-0.0023458259971549378,0.004321744357020263,-0.005102725176269085,-0.010981873601162206
2025-02-03,0.0022708577365098126,-0.028453989440882732,-0.005417295695516189,-0.01996172160023646,-0.014992386946177105,0.0005600145075108642,-0.0018468080351075056,0.0026110258697236155,-0.014829657840554344,-0.013552767264141341,0.001466625790537579,-0.004247476872687339,-0.000632529223101086,-0.008181875372226921,-0.003682229468169762,-0.013165823312456193,-0.003210333673472121,-0.00915625610657711,-0.01024498754646419,-0.0005898709008667069,0.0020964798730462864,-0.011823935321902845,-0.008610310238402419,0.000278377084336201,0.000860502759521875,-0.002588301062840026,-0.0002397088769293676,0.0006718213559417929,0.015557808372838933,0.02857560299226991,0.004245592789739128
2025-02-04,-0.00668923484959949,-0.0011629506027527325,0.0019972079237489115,0.008231031615909101,0.009118241749209277,-0.008731670163079519,0.006696039511067564,0.008593698001158279,0.011831704137233112,-0.01570151231332484,0.010142136739662577,0.004123404703584965,0.009669757312569693,-0.004844868503503075,-0.0009239776306529945,-0.006064285129526392,0.008051557770144102,0.006259880567763831,-0.004050450378224935,0.014033715834075977,-0.008441907898419365,0.003988471199463328,0.0028049685188051843,-0.001113198448406627,-0.0009609298502503139,-0.00034594821354705374,-0.0007188322183606655,0.0003355864942946596,-0.019067829356986365,-0.01082772051770442,-0.019837396469541413
2025-02-05,0.01808498849030693,0.026992570782458314,0.015990875652649228,0.00982433475678457,0.022659413889390967,0.014680943505266608,0.01759138692914286,0.003356598751659279,0.02357054325247243,-0.0009970234674766543,0.013221080612954683,0.018549982500328355,0.030124701937612297,0.019736879243438255,0.01664669000333685,-0.0012201852859784479,0.007028763343390754,0.026069036523819866,0.010845128664099146,0.01448610859540067,0.0074034256202848425,0.003972692174813108,0.018231343448789294,0.01755360691272978,0.030069858273771066,0.033227487526927835,0.012470091737359024,0.004026870526795401,0.011131480093250268,0.02398107089642565,0.0066356878314544065
2025-02-06,0.012215910195318092,-0.004122726402419619,-0.011146769605199003,-0.008084410874546366,-0.017331631666762104,0.004340611898615121,0.012298985546960184,0.006047365071038202,0.005502638578913421,0.003991975734482622,0.0019648262445091103,0.002641519273353321,0.007708121970509962,0.006774140626022218,0.007186328846623846,0.019548012212211363,0.002855384095552971,0.022038198249324736,0.0017880707443143073,0.012685711569522251,-0.0025722422977483284,-0.0020206178121064955,0.0024160766780800813,-0.0012321690915122474,0.007470053515060471,0.005918183539625588,0.018237772088202098,0.007018727040131623,-0.00542235177501571,0.0014065984617839256,0.002966372390782457
2025-02-07,-0.004795851102592286,-0.006830948954721028,-0.007304480462914653,0.004834806789993706,-0.01251900356668123,-0.008089561036097703,0.012404481984590321,-0.01202202854656087,-0.00023788779235611734,-0.012922457907356688,-0.005403177840311746,-0.010954007477122052,-0.01989463336568409,-0.0003204123992500696,0.002348315235761511,0.0041940598513448,0.00031636156572267815,-0.0013182476066897486,-0.0008925267877882836,-0.004595164307939159,-0.0031312505421962067,-0.010038783213231373,-0.0008915100245281415,0.014667573007050905,0.003999995188699312,-0.001276537339260142,-0.0020935632446423824,-0.0006637943217003839,0.0009912687133146747,0.0014045145822201288,-0.0124877111377657
2025-02-10,0.005507443937587064,-0.004689413096401696,-0.004087990868680613,-0.02227093557126336,0.007634631261973501,0.0017874942846081154,0.0015104754565826717,-0.0036245796672734754,-0.009995877228435424,-0.013595066795134336,0.010575705500322607,-0.005888155271251305,-0.003183384912120446,0.0035897690781234726,-0.010632558257317015,-0.012529863347566117,0.0015811848151756625,0.001508588698848179,-0.011165678906689958,-0.008031383922364799,-0.0029564309064973315,0.01806560861472395,0.003337735017256094,-0.005539025968341771,0.0023807163399132136,0.003445532997330192,-0.0018648190127439346,-0.0053138168217915505,-0.01369867302171146,0.0036468537611749063,0.002329501520696997
2025-02-11,0.018643242071767485,-0.005758628064766569,-0.0015506394175937022,0.006046079004410565,-0.014389040146228105,0.0172856444993581,0.004106035262647412,-0.012602328248920713,-0.004387238391134196,0.0010207426617021564,0.0005301448428174371,0.007474329764303622,0.001304891894249538,0.006004130368170824,0.01065574790340773,-0.0036254034671657775,-0.0034732620224188215,-9.415846438576292e-05,0.010840053410664297,-0.005291369572429816,0.007783579605643354,0.019251712135974097,0.005664974092530972,0.011003860840660629,0.014201966845643454,0.021156451923836972,-0.0016347310559865491,0.001669426582031397,-0.0031793123484423758,0.0020263432149618676,-0.003984030705316055
2025-02-12,-0.020163291848746878,0.0028433109436318826,-0.005116055046359258,-0.015653477157683615,-0.00804005531862828,-0.01633415106369407,-0.011933596702262128,-0.03592109680175781,-0.01472894485758025,-0.00764906984364544,-0.008944150340688961,-0.0065789932356001835,-0.00401235113573406,-0.01714287865135178,-0.003784815700136779,-0.01091566570553959,-0.00158431390875724,-0.03276519043607662,-0.004021405720265436,-0.0013458995384880712,-0.005700747319125621,-0.016424490387708546,-0.017128504210012552,-0.00013420635753491617,-0.0029153413078644164,-0.0027118313158922547,-0.0046784511540552964,-0.006999945004724228,0.006211182949590999,0.02161793595238448,-0.013666741128581461
2025-02-13,0.002479949811942106,0.006195557345366698,0.01056017037855761,0.01178487879307255,0.01763249977922765,0.0015602991803995714,0.006418922886004097,0.003957976372512828,0.009741450066061974,0.025693599084469554,-0.013045267410998096,0.007749716813441276,0.0041319198831000215,0.0074288921967102794,0.011487972946845115,0.00674435654775718,0.010155514065429694,-0.07281227888799124,0.006729550583094879,0.007508674959719963,0.01572046112736314,0.009434806941908569,0.0037652500667568756,0.007928959765303834,-0.002444606150931672,0.012725714173360991,0.014101142690960744,0.021483718529886398,0.083416779066805,0.03372018850478975,0.0037175341512867277
2025-02-14,-0.0032106872197656955,-0.010123101312160432,-0.007950979523310697,-0.005332703216318957,0.004191929185063614,-0.021253035016838062,-0.000755335502130916,0.006797172601884949,-0.003215854578615951,-0.0033068593069920382,0.011484228582701705,-0.004054687961603909,-0.011144780875857574,-0.006604627861201751,-0.0607226092498514,-0.0018271127930710174,-0.012566755324208145,0.001679881073999745,-0.02852058475659458,6.368919203247891e-05,-0.007829630360725148,-0.000413542946602119,-0.012747214405151142,-0.035466687603020186,-0.013213481615154676,-0.006282902663209411,-0.0046349916951733405,-0.0019717504141699704,0.02448403201049132,-0.009706902741751677,-0.0030302941399861227
2025-02-18,0.000897673197340243,0.009804946750993748,-0.0015571730021977093,0.004091495891274333,0.00048707525429447784,0.015347925744584323,0.0025195142655165537,0.018903612908861778,0.008339378308958034,-0.0005105955257370676,-0.0018208188458681551,0.0004211807482705776,0.008357373314495486,0.00012909979978448227,-0.0030466639809841878,0.04026838577268976,0.014953840469481339,-0.012577409278793472,-0.010091707114971094,0.003566858255237282,0.013580441835942647,0.003806374887030728,-0.0013451038909294555,0.007326487851445185,0.005015299387123973,0.005349895732262633,0.00279392678567425,-0.00032930657545360287,0.003607368765509378,0.0055344190389847725,0.004052585786064711
2025-02-19,-0.005223005141285819,-0.00490714175381235,-0.002018136249429814,-0.017985128427131958,-0.0008345644883843706,-0.0005598264107963269,-0.00393732322273721,0.04969520335936006,0.023905874227274193,-0.0040857608425175496,0.0077046247009602276,-0.001964682672077611,0.0014443816927076636,-0.0075513634078914205,0.0028649667823994474,0.001759715871331613,-0.004702161937169325,-0.01422347021244652,-0.002316955912034624,-0.0006345878747759937,0.007966769654152328,0.002637883374679184,0.001447863546932382,0.007822192143756013,0.006637716908519442,-0.0005913350610962098,-0.009983760242119999,0.003952593404560778,0.002845699037005378,-0.007228060903264555,-0.017827023778982598
2025-02-20,0.02025892299369292,0.002203361405244797,0.008319099665723861,-0.0045786012505216744,-0.013989383416601053,0.02207032378849627,0.01631618444985694,-0.01110967382387551,0.014091128256782826,0.01384622579646888,0.0012458996580475556,0.007592870105775473,0.011023387759019787,0.014111984198992955,-0.0045709407234793,-0.01873541834006598,0.015433118801941204,0.00678361525570681,0.004180169705309655,0.016639107999319114,0.015268571075817139,-0.006001847282496975,0.022290947135491734,-0.002178709464697337,0.01087736642021997,0.004195247445775374,0.008677275596427947,0.009186343522588736,-0.001642889723816654,0.004074584143721305,0.026369837261016382
2025-02-21,-0.004314483109916112,0.0005234643492488811,-0.002096780536829046,-0.0102056148492351,-0.04157548857044846,0.010522849209048113,-0.007861576502262158,-0.019660422309817904,-0.03860455772648774,-0.0015176438488461175,-0.021877141103492814,-0.001395619983896812,0.0011208786270724413,6.412768392105583e-05,-0.0026786383761269184,-0.025059609790268,-0.010856164206277996,-0.01839576482897398,-0.004625248281285965,0.0036856098569852946,0.010084903281813551,0.0005789858350935262,0.00042759113727264264,0.0006824261933622289,0.01414083617433648,-0.015585686909335705,-0.004184998720893063,0.016905047498864567,-0.011518226256853836,-0.011575417579785752,-0.008675410109326931
2025-02-24,0.002349327317561656,0.016846288253306252,0.009364076257403209,-0.0002904928764234649,0.015539848499934505,0.004013399827867081,0.010759863359245836,0.009115730432302183,-0.03428889639334898,0.0045593602976874426,-0.01160187763400089,0.009083283606534431,0.01265514021163261,0.019813983620378783,0.013237388091862146,-0.0055079946832014,-0.003449300947719447,-0.0034865339274049445,0.012546426561620638,0.013568251845962331,0.003853605273983929,-0.001983908908235299,-0.002761471631741008,0.013636988518788362,-0.0007512416324612081,0.0046244991502564226,0.008405264049391015,0.021419474869469157,0.02542377548016006,0.013864599620097673,0.009087888585266324
2025-02-25,0.061197928864393125,0.03858814717115888,0.011992611439543888,0.015398086319822202,0.0058742299091965045,0.008318967916025377,0.007096902137448069,0.0014195459205579297,-0.009581093386673234,0.019162912249928832,-0.0025852886024594346,0.010663379160547937,0.009280709868434434,0.014084607898598334,-0.00018934412363269537,-0.014153805603924097,0.010069172279988603,0.010277743749009582,0.002753497808146932,0.011482921165082205,-0.018670452486464706,0.015571919888843988,0.017306759539198024,0.015067832717493568,0.029740703174689687,-0.004603211602113966,0.01389218784660673,0.020970179355132457,0.005755636694029231,0.011802385479377842,0.007338283305826865
2025-02-26,-0.014822185822656708,-0.0183294713737433,-0.009122575122354148,0.0012876000853456748,0.01427538407429041,-0.01821499944429328,-0.0077024276301925765,-0.008762890702923909,0.007713747454075381,-0.009401299841074628,0.009213234298134365,-0.0021923265053329644,0.0010290732258486646,-0.04569686036191811,-0.00539725555734516,-0.0006242444993498353,-0.016510854119893503,0.007359244106760254,-0.007780199182110037,-0.0030354865256853047,-0.0024893199293777313,-0.003670105272471136,-0.013933992005579432,-0.0026506808613645516,-0.016790590738219424,0.0023939114791773353,-0.0015986087201628196,-0.0073573748008261,0.001907528437976147,-0.00718336010319065,-0.012251719405709016
2025-02-27,0.01614114230097785,0.018772692920385303,0.006498770726181213,0.0007144509057097626,-0.00639745481476206,0.019862523395785425,0.017588852139039712,-0.033281300305949446,-0.013238769352575064,0.007991927627783113,0.00010988144264212352,0.01180989938175614,0.0078262841540635,-0.0029887805682028423,-0.009805771551980702,-0.0006246344239531076,0.0554323155319989,-0.014611045933053068,-0.0032288481972849725,0.0163195772822613,0.008377982096128722,0.004993325227510281,0.004600857761375643,0.004119572948733774,0.012575977869780486,-0.009010032998758466,0.014181127637099777,-0.001544142244323643,0.005565306287439897,0.005775039058898868,0.007710387053212253
2025-02-28,0.00808939121656338,0.013077044408146277,0.014169119185491796,0.012706958181479378,0.015452880819664783,0.006955662465498502,0.006735293856259039,0.02541688238481976,-0.00604056078141868,0.013875129698035282,-0.006327060219199487,0.00665032541842181,0.025204770301140433,-0.005799975518692602,0.013556373481515616,0.008124894265305382,0.020708268805035956,0.015808920472440313,0.022674609679634194,0.007309733828728904,0.008131440652370925,0.009367181211481945,-0.006804042278778288,0.01508732731214213,-0.0013749302894028315,0.019224485135430847,0.01894456302156966,0.004948993955276926,0.007573438299717683,0.01313345919050768,0.0013306824465928457
2025-03-03,0.019404767632187125,-0.007432046563845551,0.008400342023726415,-0.040885450230018994,-0.009299755541174237,0.01870351128160541,0.011849136146705241,-0.011278696529200771,-0.006461164274345843,-0.0029325457573682323,0.006588416865006774,0.011460114871855165,0.007317830699823391,0.009373427438128523,0.0005692379853166063,0.0006200482385261274,0.010585094910020132,-0.03176985753506656,-0.0022624394396630887,0.016654765997907717,0.013882507200028815,-0.003066494411381182,0.024438468133418434,0.013559291437498233,0.016567286007303617,0.009081606280041843,0.019034995543685485,0.004924622030615389,0.017057080125212565,0.02182277391908194,0.042857061067069546
2025-03-04,-0.011879273031986326,-0.009950736843968078,-0.02231665357761725,-0.014258429812192608,-0.007324696451870283,-0.017212600550445933,-0.018242695190657243,0.0025202605510610265,0.0023179403233624107,-0.007352927188852387,-0.0005930295175725631,-0.021060926102315802,-0.01994590361106008,-0.003701564936189894,-0.023322001183418428,-0.01796776788086374,-0.013965594693866712,-0.021837967348370402,-0.02448971709680925,-0.016206433250666286,0.003649025208855905,-0.014246470289011048,-0.01604298307918617,-0.0178800204759334,-0.00975119518357459,-0.022366533431528834,-0.014118150237889204,-0.01439515635612132,-0.007817062192635227,-0.01887033636131219,-0.019114272402531607
2025-03-05,0.007580225475324998,0.016917159283200256,0.006637009564213647,0.009245590499217471,0.019414046743774893,0.004458138776786136,0.009574826453828233,0.02950510285146346,0.010342409932408314,0.008395109520280108,0.01206539953213226,0.0031317759863547234,0.0020482689567862256,0.023921124676421046,0.005047593752474544,0.014510999634897992,0.005311287413419352,0.0007933230722478868,0.00929798370546342,0.011180540673465744,0.0060595521963604515,0.018558103275867488,0.017153975002487165,0.009692143305123357,0.0046956550331276325,-0.0010894765550681917,-0.004626601443251777,0.006836525175146546,0.009454357927890955,0.006172832127891992,0.004546903534292657
2025-03-06,-0.008433655269975748,-0.023387835232782095,-0.02659601531931366,-0.014923163150803997,-0.06071678991114193,0.005812054613378859,-0.020896965846932902,-0.012209188768150359,-0.05633268891118404,-0.014201893459097725,-0.053332118078041724,-0.02389025066836592,-0.021997334340378205,-0.012986080497173758,-0.02520764980024426,-0.017412896980475767,-0.008218301978510034,-0.06250703997157481,-0.011054847142587754,-0.019173057036319996,-0.013422745618459131,-0.03015157700173332,-0.009219327033031521,-0.03424582687098243,-0.007441682484857326,-0.04820595069928779,-0.021248363107493562,-0.013271655764999779,-0.03944936519936115,-0.03797217983005996,-0.022955083655462283
2025-03-07,0.02590250313585085,0.02695393746853858,-0.0002288242086070369,0.034948135282709014,-0.02394132021971007,0.026791394430134563,-0.0027088763232120394,0.03291697578982489,0.0050532003741565745,0.01887742364581868,-0.014198886317697834,0.0008342876758968831,0.0009952165729314455,0.014317962174886123,0.00376490985826905,0.03354427291321138,0.011837700924288708,0.019205215961210165,0.009896285422197781,-0.0024584927840146653,0.020059260125073752,-0.0032418391880589814,0.017994382187494606,-0.006581402647856893,0.022812432892175938,-0.019708942661926798,0.005879724685935894,0.021270071585260064,0.002659133085327614,-0.010203466313722487,0.02132626932178372
2025-03-10,0.0036742917752572435,-0.0031223531847948127,-0.009521677780417126,-0.012028888363033396,-0.03480000238601322,0.008083379977423144,0.004444776040775533,0.006549997184264189,-0.023731199785941737,0.007801088930181166,-0.033611832735868985,-0.015145123874788391,-0.008683019609740161,-0.009601390188371361,-0.015595639172853892,-0.026331871958013564,0.002047364445401989,-0.011614135179437324,-0.0074660970387220305,0.005890828122024905,0.00017101558933707572,-0.01701281330115534,-0.0012102170279568725,-0.0002703976138541675,0.0052741661262794,-0.02195268978512821,-0.004721167900858414,-0.0003063705816546136,-0.005304275771691791,-0.008477429112694668,-0.018923345191465324
2025-03-11,-0.015440938251092384,-0.028384042769909246,-0.01585242926499708,-0.038140030168199335,-0.0007147104447212671,-0.009033626251997662,-0.012701776223342676,-0.038042807861474404,0.009475979796180756,-0.016932688110470218,0.006753903540823725,-0.015519332410028897,-0.011968261137023761,-0.025102700331375405,-0.014539247891119822,-0.03522010834823619,-0.011091523306937967,0.013309317880828564,-0.030559460635208757,-0.013983527594515266,-0.03043264596555617,-0.005853912081748236,-0.017187637592585125,-0.003110781809848029,-0.019963501271384465,-0.010950410073370942,-0.011068577833184934,-0.0088848283096572,-0.011998291250111093,0.0074554564160291825,-0.016295289739228336
2025-03-12,-0.014729699645248395,-0.007555192833077928,-0.013618849444316461,0.007930402707743145,0.011205563158204201,-0.023968046138659438,-0.017264253369102978,-0.000130117547457953,0.03169854593439214,-0.005905595271016639,0.022421786266893395,-0.011607850449862456,-0.009000520151947411,-0.017319640713592044,-0.011803021016721704,-0.014993501911108709,-0.023022523612910795,0.022955845611499104,0.012124138868567336,-0.01957575302041492,-0.005995393431201479,-0.012374064327229428,-0.015443901169699625,-0.013766136816715013,-0.017875017994996245,0.014374902837136716,-0.018501447949465066,-0.00803708312211937,-0.0052473522965567065,0.0006111395587971025,-0.010480017676229747
2025-03-13,0.005225209586394941,-0.018980794429848125,-0.010378933315700722,-0.03207736137036554,-0.04283241936295279,-0.0020989408288750733,-0.013935809065514948,-0.018475125652732127,-0.03777933423179047,-0.008415793127409699,-0.02460843560920789,-0.010004359975067767,-0.01454532421809096,-0.03163126565941121,-0.024917668148804806,-0.03904698458700662,-0.006344355505295329,-0.015615901315057301,-0.035457643787930704,-0.00018542189624026761,-0.009047297987762493,-0.04640114781988147,-0.025162241309844235,-0.022361039330681787,-0.0037609646749808823,-0.038292286140737986,-0.009774418296575105,-0.016827714376311587,0.00015075854770052466,-0.010109992020096992,-0.010932684752281707
2025-03-14,0.015209066737831733,0.025969991756890742,0.008515409207204172,0.02407381261647945,0.03111914678575345,0.1036622052055538,0.011477491619789948,0.04361082726743892,0.026603108838215928,0.021966973156062553,0.00447268326265049,0.009666080943739885,0.022140020097651814,0.014767796282252998,0.015417183429143,0.02685949200437987,0.017938627898117954,0.017861304415534685,0.022354730503110654,0.009706879056498918,0.014858447913707273,0.013863727900813139,0.017890654493707636,0.009660431414045378,0.01710478231608792,0.010847805604345728,0.017626405471789397,0.022187017648045648,0.007986781915014562,0.01336625283323345,0.01796192732948132
2025-03-17,0.008344093325056035,0.003630400793196875,0.010112979608152273,0.04777890609822344,0.02484468125255246,-0.0030032544969066377,0.017274929298771724,0.018036302659705905,0.022077081562712264,0.001954106970744496,0.02336214012962068,0.01624605566060744,0.01789758156949972,0.011311106332910992,0.018198810538018195,0.02615693014820497,0.009856643185992331,0.038620681624166986,0.007774463086637651,0.0072256186548014245,0.005115637150203911,0.022790278420290244,0.007647636324721541,0.005065411977735135,0.012234829132247826,0.03504740851935084,0.013395019914726136,0.0074419671169374535,0.027806842424960676,0.02313306945685989,0.016627056842142718
2025-03-18,0.010249581818957187,-0.011354468264040296,-0.007083774131791953,-0.003350745922839571,-0.018570314268224863,0.019726001981674512,-0.004495160512674845,-0.022333136387394648,-0.021007570071272852,-0.0019502958839627826,-0.018652640780634,-0.007850376639905954,-0.004628829089705633,0.0087975530756772,-0.006434535841469691,-0.015032637177280317,0.006802677356008813,-0.017162123945980157,0.010125415566587304,-0.013192272836428987,-0.00035103516491008513,-0.009256855624219629,-0.0063579420506946205,-0.00013999674707099174,0.010185590835064318,-0.012345661855513446,-0.010483253432174489,0.005847837887927199,-0.008145506502936661,-0.0085283064454178,-0.0033377205162725687
2025-03-19,-0.005165921715950761,-0.007114491142736767,0.002806105145984894,0.00657787788615205,0.0191591973376668,-0.005622356804497852,0.0020905524603771486,0.013272089170835999,0.016346035880619558,-0.001954012180205189,0.0167248724634379,0.003740333022646647,0.001170952644264478,-0.007639291617187793,0.0025698750997689146,0.0033178518017960013,-0.005581717262013397,0.01129882572382468,0.000954575599964036,-0.003265256458308663,-0.009129163933121909,0.005250093244978826,-0.009648279628167056,0.0092411868985256,-0.015057139586644785,0.0,0.003454627405167443,-0.009179863336038485,-0.00894562639594465,-0.008068295685613958,0.0016744812991034141
2025-03-20,0.0023858724319882896,-0.007267885510219285,0.003130333893695436,-0.005663641640140771,0.010875547282986009,0.0022999529412321973,0.001752340953686371,-0.004785955610953518,0.0021179849946146856,-0.003915865590549239,-0.004220626185100662,0.005733147147430451,0.009456914924088178,-0.00626743471816249,-0.0021531489202638587,-0.010582042121221158,0.005613047707293761,-0.0020314034089848887,-0.002861179886178844,0.00482113521689298,0.00035432488472220136,-0.007966755754336252,0.0029091583273888055,-0.0005549371179930374,0.005368808314017759,-0.0021238385184817465,0.0016065913347085292,0.001971978027031973,0.0019236175695673818,-0.005848308161003679,0.00668672839476403
2025-03-21,0.009147304256358124,-0.007321175618696496,-0.00917254903140452,-0.001898671961949927,-0.002689664876527331,0.017210101584891335,-0.006997167204792487,-0.007086782869952013,-0.0068027638892130815,-0.0157247534547984,-0.020112162514607457,-0.005130407895098776,-0.006686927716330504,-0.014190667196124496,-0.02281134214045244,-0.018048125409407034,-0.004994276097347372,-0.010064485815050928,-0.007651859813060824,-0.007996545968246171,-0.011689681135877872,-0.032568907277144565,-0.018011307597724957,-0.0074959177390054865,0.003032020013080672,-0.014289925693100836,-0.006416057356681493,-0.01499527196512973,-0.012701275615999985,-0.009263615633649636,-0.030886768461568126
2025-03-24,-0.01586273545402006,0.013296026772738001,0.022905072900174517,0.016681326728299473,0.031514843399298,-0.0195507402496361,0.020300348652130484,0.021412188692062628,0.033980628155526604,0.02096860207220619,0.021387713255473617,0.02220320158370237,0.017196553837644624,0.01522952362818164,0.033228222432768684,0.022464287324351018,0.010924272776100308,0.029129547794667587,0.02795184076728474,0.015129934072887874,0.00860216791460755,0.016971027021635665,0.013017741329923282,0.013146918399737917,-0.013309816246297679,0.024799439926200817,0.021909581496055708,0.013954954503657468,0.020344137338069723,0.022659012805016365,0.013022634671879363
2025-03-25,-0.015507454767251905,-0.016094345388458997,-0.007930498340582792,-0.013960865628151908,-0.0007469249897188446,-0.03700505122079978,-0.0032886678861155927,0.0011230842022789123,-0.026175399853494707,-0.014180963197640839,-0.013162276409748208,-0.0046244393396225325,-0.007240632440682848,-0.009589819098594243,-0.005393807279061691,-0.014647197163387249,-0.004964990581820983,-0.02464199124829569,-0.0065635300911051075,-0.00409267456423934,-0.011194035004746028,-0.009341509077701371,-0.019597864684994026,-0.0035892717688870146,-0.020028370381478755,-0.0021671718872169343,-0.005190716538181039,-0.010322170458614166,-0.008503174544981174,-0.01114528462313702,-0.012178583578840052
2025-03-26,0.002482124367479077,0.0015627845833598997,0.006724295633461885,0.005984552620730721,-0.008596913497372016,0.00637127993988762,0.00808385015587798,0.0017449754928413608,-0.013340395824200768,0.00744026865546088,-0.012089578706270032,0.007602381468893915,0.010626745864629195,0.006847047610126555,-0.0022511470809335465,0.0006757687490084319,0.008805339822913538,-0.009559601204063517,0.0009437640012386339,0.008954896963595527,0.016352216632646188,0.017394408793462768,0.008265629329279767,0.009005342515962855,0.0018197436462250582,0.01622828377747987,0.006125205825671998,0.008217407647649111,0.00813249743226474,0.011338460612107637,0.007534234893517677
2025-03-27,0.01914093868362876,-0.004369051026841264,-0.004437361481948288,-0.008705717750231101,-0.008294306177244026,0.01483828761680095,-0.0022093266098079933,-0.002986257122832625,-0.02978573776365745,-0.004431211042277505,-0.006906881007893717,-0.004331308511212106,-0.004669865232281412,-0.0026789112613029298,-0.00748640856299565,-0.01890623338013131,0.0023474178403755097,-0.017465245098727822,-0.009429378644205455,0.0045592723670278,-0.007072218600970515,-0.0034193893989087343,0.0013033821535082257,-0.006041552399595251,0.007824909526224166,-0.015434741470718771,-0.0031567590513364996,-0.000626942339485792,-0.003079931740273323,0.0004669942958155371,0.005778370189805759
2025-03-28,0.0071015291711731265,-0.0011493024837708754,0.0020643937973685578,-0.009367635732432045,-0.015662997959809966,0.009845020750116174,0.0029522701568285292,-0.010233367314750996,-0.019661974775151414,-0.001483580715139654,-0.0270322799193069,0.0016837952995047978,0.003937084892316811,0.001859620783129623,0.0015499395108176106,-0.01789391512762517,0.00907498370051818,-0.00479473690315424,-0.003807765544555086,0.0039333363353109,0.008012923664089344,-0.0027088169243821847,0.008392688132211612,0.006630835358608866,0.0021258710973290906,-0.009466425225083785,0.0074644767789460165,0.004077772640100674,0.011622758732787952,0.023345871023518372,-0.007772910962758561
2025-03-31,0.009463726028055452,-0.018773817700571405,0.013170879002634583,0.00734623636948073,0.010196137779809877,0.0060811669314153605,0.008659836948193167,-0.0010086269590546815,0.008374290383557748,0.0014857849971081638,0.015379829260580014,0.012633293985802485,0.010348450051520963,0.02083049432337636,0.009181834487136609,0.009950201280522819,0.01102405053525346,0.01104586115857753,0.01481130569216682,0.010126617073037414,0.024730524462231562,0.0121321998064019,0.0167137406450677,0.01221349091621482,0.014619094302721347,0.010956848820969034,0.014144510985866221,0.019056544301448097,0.007029729948836216,-0.0013687825259458553,-0.0027248093812295426
2025-04-01,0.008455866005862456,-0.01470112255299727,-0.0005125170842016358,-0.00342314066589966,0.0017586460443939078,0.003645704169791264,-0.003107136194226645,-0.0006311125790635641,0.01926171331562032,-0.009891145863621498,0.0019623448643859565,-0.004191220336548729,-0.0034576803808330503,-0.004377491478601669,0.0027915133970537465,0.016185790733914907,-0.008608293650473775,0.009879097893147115,-0.004708165968485667,-0.000596736327581171,-0.010235323252543505,-0.0030414778230972717,-0.0014367940397457257,-0.00257591356829201,0.001863541460504603,0.0023482730586954492,0.0,-0.005518116060131084,0.007417053744904312,0.00613529588627304,-0.004781461361012651
2025-04-02,-0.007017923930766612,0.012945660733544306,0.005128014169284434,0.012843534672237977,0.01740324307225216,-0.0076474304779550195,0.007217863724807705,0.009345767377082925,0.01800747870890862,0.0019980303675415367,0.017871308402110042,0.004910229246023912,0.005531808047470221,-0.0025026286208684745,0.021548677334324084,0.0145429009423661,0.002315484707909432,0.013925598293861752,0.014664265406409971,0.0031048633015700045,-0.0005249214124136703,0.007985706558318206,-0.006457857451847682,0.015903169795601135,-0.004899730466133123,0.023667954937213853,0.004206381285527971,-0.0077065361338189975,0.0017323990135902356,-0.006941278770506654,0.011667853549404139
2025-04-03,0.04722355940712242,-0.06585080148328615,-0.04522055356801624,-0.07696848994095506,-0.0708980225391409,0.031307184153308576,-0.03184043724619179,-0.044669666874584846,-0.05104917536742426,-0.029910306128410613,-0.03620943558796863,-0.042998667810572155,-0.04182950006350439,-0.022445229247302634,-0.06459429238825398,-0.0921501476953479,-0.01848097385991576,-0.0567536965184976,-0.06433578077102386,-0.02595232927116342,-0.0010503941992339172,-0.09569168631244729,-0.0073755086396590785,-0.03545623810788734,0.052566776651891134,-0.10110911342501605,-0.03659613416956253,-0.016464687485698848,0.0030263721492660434,-0.004246151405810417,-0.06953862229488372
2025-04-04,-0.03514610348244984,-0.057623190661646784,-0.06878462336463032,-0.034824282374725346,-0.04651158492543972,-0.056790579457680845,-0.07115819494099418,-0.048853907034501765,-0.02544472289463129,-0.05292901474765066,-0.04395832497478658,-0.06943841721882305,-0.07922542339420713,-0.04127362414921709,-0.03873547940048705,-0.0120300702733952,-0.042659669891273455,-0.07111906289444458,-0.03736917340901291,-0.0645319668804385,-0.03347356706012883,-0.033074057846488314,-0.034640654599466525,-0.04605350339926684,-0.04747257149316031,-0.04654652775647228,-0.07459962724838554,-0.03379656200437975,-0.05876434183554946,-0.05996199357535348,-0.04265409288856836
2025-04-07,-0.030794481827848608,-0.04269191417514129,-0.01507561451090822,-0.03194298763193937,-0.0078760187225132,-0.027431161119688574,-0.021552110066716534,0.0431010346328482,-0.006036368171190243,-0.012479592243899829,-0.024105730674102377,-0.019909071705145,-0.031878256680384576,-0.04218213532097137,-0.02828596133419048,-0.016742754055464104,-0.03380457481762811,0.004404703171117408,-0.01035191701519289,-0.015481995540399529,-0.040253840305878974,-0.03776855640654864,-0.03106878285783743,-0.017885647869375854,-0.024919337172501388,-0.01855531824495149,-0.031157198413963916,-0.027133043735727003,-0.02060748639153165,-0.03126524162743538,-0.029702992771644676
2025-04-08,-0.04091092695408449,-0.011181074577740424,-0.008368261204585892,-0.0278680431868622,-0.027400760073942987,-0.03441601213965029,-0.014067592518949401,-0.03326728241671828,-0.004097514251135914,-0.011538543958741543,-0.010257543182507156,-0.011196391495207236,-0.029498185275054767,-0.04358671448775531,-0.03476954758341666,-0.017027921874315455,-0.028944003283516095,-0.007738987963392452,-0.021966541454846,-0.004910103591297177,-0.012469283082738425,-0.05035966239958878,-0.034023740093386046,-0.030500457354579846,-0.027328214789777983,-0.020719930217449223,-0.027820262324452116,-0.011760792153919897,-0.012780596701050917,-0.01671345798797541,-0.025902630908696378
2025-04-09,0.01377887746897355,0.050428919972300035,0.07028796801378356,0.08318672864083965,0.06433205234859996,0.007487067260653291,0.04862478342654786,0.07469607183611693,0.07097205856820676,0.03613107529392612,0.07750616854424686,0.08152702447815341,0.0679364659372601,0.0717163557142746,0.08161796180996328,0.1196851090796276,0.05699308551496607,0.09827111276221068,0.07807485913326428,0.052543806023330086,0.03271460691688555,0.09425128303830621,0.06000524583909583,0.06383631090066832,0.0171165818117609,0.09125878623523587,0.07823573305947051,0.04692286389302969,0.035522482480907946,0.03663274240668768,0.07010474062135352
2025-04-10,0.004048685866038904,-0.07733236588809622,-0.03393383106853831,-0.031336242449559015,-0.03809676956440855,-0.0039773860926600735,-0.0326738842401072,-0.04167724150553653,-0.023873316790976817,-0.025214509455258827,-0.03347006141374742,-0.03873772626126226,-0.03346206144343977,-0.028373572294846272,-0.015711448483893498,-0.05414913451918846,-0.019522760791901517,-0.033850136958875954,-0.01934523054270587,-0.018878708373487485,0.0031494281905000143,-0.033903492637761046,-0.014949178427992371,-0.017800798018292152,0.00028280761688437295,-0.035840134055227124,-0.030265822169973533,-0.02305947085365212,0.00015249573750386602,0.0022616651814613142,-0.027861424085937725
2025-04-11,0.0319426246126997,0.03151405358133008,-0.0030476652944023686,0.016426410096620492,-0.006000896429319114,0.01586797237596005,-0.0012030291650128033,0.02612040928839865,0.019678163709735408,-0.0005503922318874643,0.00790155370285861,0.005756964371033568,0.00239680993946223,0.015397401243192999,0.01461336081181841,0.019330928436977812,0.015170608297342403,0.022173303628018726,0.018209378410407373,-0.0036804760286591742,0.01975991396593213,0.014121711478995103,0.008163420956712075,0.01432325050994021,0.03289344483674839,0.0034531409608984376,0.0012687342270332191,0.032247337605162185,0.007774456041807154,0.006064448480131546,-0.0007746531003326451
2025-04-14,0.021433279764739632,0.0361413851504222,0.04103620484163417,0.036279685397962336,0.026390731078278495,0.032791906816811434,0.030112168725690225,0.027652143772140647,0.008408642087222251,0.0302864267491334,0.009062412194922098,0.03527229799625631,0.034841286259769566,0.028385747022544372,0.02237975624016597,0.005105702657286049,0.01805737504419036,0.011385405218270694,0.007948355016869746,0.02676599664560131,0.01901487029739335,0.021510907689341385,0.029927973004831188,0.014553378280043994,0.02532166759645138,0.011268528575948178,0.03370503942953218,0.017391333042692247,0.01951291216305484,0.020466748276359636,0.012403164096201236
2025-04-15,0.0010101239772715154,-0.007277187611127389,-0.002090350896141513,0.011935054248119137,-0.0027728915648361774,0.006710813789862602,0.0014390416565748243,0.01232243646392095,-0.0005468213266828226,0.0032068347207632186,0.004618151740412246,0.001494244137035139,0.002677412458065964,0.004140447585611051,0.0002168083700075929,-0.013788088876153126,0.00825686529349623,-0.01291617523992783,0.0,-0.012905037651767426,0.013150806581749386,0.0018311381875446564,0.0006233889468729714,-0.0007101240714771917,0.000622961397884092,-0.003336174078908405,0.006864406955881863,0.014561543867216198,0.00563796479816614,0.006868628968632828,-0.010336894296834154
2025-04-16,-4.58523611814865e-05,-0.025278080190356378,-0.002194518853526062,-0.008177354885225085,-0.012386258989915189,0.0073624090257755626,-0.010238913751003054,-0.018507085500293896,0.01333515601760582,-0.010122549840532624,-0.011187431675977355,0.00044777689809283316,-0.005450125633928438,-0.000144728765238189,-0.0024919195340299405,-0.013245001104531973,0.0021231858690535788,-0.008043340870455995,-0.006407094606809438,-0.006908077149241687,0.0043851779384112,0.018379352168838237,0.00041536928228391723,-0.002131886118081794,0.0035576216340049704,-0.00883713444890677,-0.004869720085203921,0.0,-0.00221307420859429,-0.006548834905758527,-0.010058059077856507
2025-04-17,0.021376151714219693,0.00933599894826087,0.01659506043141601,0.012842857344468994,0.003498026322940939,0.023111100211568703,0.01887481600453933,0.008605420577874057,0.017343820947528954,0.014720122077812592,0.014730037185624933,0.017747890304451897,0.012467789401580553,0.021415033926342142,0.017921115702714818,0.018642782230878785,0.01755439001275705,0.01912143067837002,0.02132938621695546,0.021193566191715085,0.01851208966169704,0.018047648088795,0.024149779720648246,0.02065237047265489,0.015021960472372697,0.015872972779941152,0.010276502808119536,0.015288651255767283,0.004435965538111208,0.011261376718909144,0.00859709541361009
2025-04-21,-0.020973669829653985,-0.027106758619147797,-0.007817952663666694,-0.02050721371956188,-0.017514071925560648,-0.014093986210551912,-0.01309230708139375,-0.023713920477008488,-0.029253792193165484,-0.01599992178241416,-0.021451638368472636,-0.010844082267305377,-0.015983041509708307,-0.021107760239392204,-0.015258178842440073,-0.010980939665503175,-0.006543695168478636,-0.03087520374745578,-0.02428370218422715,-0.014387538072902828,-0.0061728861889905895,-0.03398632972835225,-0.02854641777722977,-0.012280278694864144,-0.015323475741545023,-0.021276560753596296,-0.013320353110370053,-0.011985251699613286,-0.016487670435369695,-0.024580783797107486,-0.043393955558270636
2025-04-22,0.013670336297243013,0.006998510285146864,0.023043832353743854,0.021735672187644273,0.022758782782761555,0.021932888149911456,0.02120752901783196,0.039326632617922685,0.017425189447829004,0.01951214002017765,0.023176395249088655,0.02118517170422285,0.020229531995050287,0.02626633316207161,0.013869297123569213,0.02294593345705742,0.019461033513228587,0.017399824573469447,0.017919430692581617,0.022606897264062287,0.009661909271397207,0.0133834184614956,0.03168046439611216,0.021757487585544855,0.026025274334146475,0.02384518086890841,0.019636660272528417,0.025505475423776902,0.022152518166418167,0.025060963122899738,0.023086258483947297
2025-04-23,-0.03787838664068832,0.009310268700587487,-9.69179495621253e-05,0.02127328308025689,0.03265928192416445,-0.020024956757161316,0.007688220541008928,0.011870892195724903,0.01813416000875101,0.000531619239158676,0.02318235387835199,0.006528303308616534,0.0026051457087634677,-0.0037368735491717375,0.011755856913611806,-0.0036179129430743417,-0.0029367727508902153,0.014452698231490979,0.0029339333048679084,0.007579566022787976,-0.008031486245097197,0.015307651868591732,-0.004853949274541636,-0.004977860197635797,-0.03249511204871791,0.017052560186833876,0.006258962157767334,-0.00758265093032251,0.005125087530875039,0.00271652027224345,0.0019793383626482974
2025-04-24,-0.007949203108501446,0.0037676989087027657,0.0015017773492429498,0.01133396985432178,0.006800443923857813,-0.0149589315283708,-8.772173881099743e-05,0.01698642745381096,0.014249016617162935,-0.0005313367703091432,0.009549562662324318,-0.001008939607027859,-0.0017682963829664944,0.0039632273463232615,0.008872968469677556,0.011619457454679294,-0.002356519605998253,0.012940709743579193,-0.003900498737484215,-0.0003761130703787696,-0.015503826887651284,0.01852578232408808,-0.004877520606569208,-0.007087247942762387,-0.00473421234169813,0.019050104884197783,-0.005502353045455988,-0.007946290661592914,-0.0033506554135122046,0.0006772382839490554,0.00750696189957778
2025-04-25,-0.0004267090711844723,-0.017861849366002214,-0.004692140185002525,-0.0027260435269067518,-0.017496695512211002,-0.005558288861409522,-0.00017539133304778076,-0.0048065551551493835,0.03986988888449172,-0.052100019102181094,0.025587682049087013,-0.01125376079759488,-0.0039769472662871674,-0.005709819924660686,-0.011831205463062933,-0.00358941288233372,-0.00265717620515471,0.02812939040160778,-0.003915772202014445,-0.0005017046763220456,-0.004549431735676235,-0.010835942035724577,-0.009802959763786312,-0.00041987267959420205,-0.0033656620457530595,0.002944941101672871,-0.006495025945880917,-0.007393634977345354,-0.003654451484453758,-0.005346800178620881,-0.02705887489427128
2025-04-28,0.002276777540210828,0.014496648803104417,0.009914561982056647,0.005922572832965267,0.005218232716811988,0.007286097450293072,0.0019298457501377708,-0.013040350579984095,0.0029397962593376015,-0.004486819905648698,0.007851057684176377,0.011381849408269806,0.007513614017156112,0.006097058833500757,0.003920318774626175,0.0072046167670272165,0.006808691181160231,0.008549897307269738,0.0068795163486936595,0.0066507562185931235,0.006152252924472634,0.010563432803775585,0.004124924342479019,0.005740778175917116,0.005358219570262612,0.011809020903479794,0.007263853804346798,0.0006207156668633917,0.004988229317329784,0.014221497704019592,0.03063284889927953
2025-04-29,0.047468048791156514,-0.05728768382770366,-0.0029837560604999425,-0.016908156959128062,0.003213574387665119,0.02754657464608412,-0.010681148385254358,0.011744545015435648,-0.0029935589756798775,0.00056347540059698,0.008251717709395257,0.0031742032357369165,-0.008682408290751842,-0.003382465335355578,-0.007915598019658576,0.0035765062309200957,-0.010584952732652586,-0.0022606675139679178,-0.020009768538033934,-0.018386916625232175,0.0024458266232951775,-0.002129292634718394,0.003012602530636732,0.0002783270133259741,0.06816556416857522,-0.010787987829366963,-0.008653727811001821,0.0006202706536366787,0.009342983278703088,0.01630325003609956,0.008603894846499038
2025-04-30,0.018434020895489622,0.001240262308251916,0.013514850661383138,-0.02134522552752882,0.0035318300219777665,0.01986507011408989,0.007079661697251716,-0.10314388263684426,0.0041909374413733325,0.0045043953602206255,0.010685135228609033,0.010499130734533457,0.0145005391005113,0.03598964965044016,0.00021275912620466464,0.0064148789114581994,0.016047403263646398,0.015860440872574655,-0.004980055837310204,0.013715082405112211,0.008365279535335723,-0.008729431766659967,0.025393330064788833,0.004592887104660548,0.020545052782224404,0.003699033779132055,0.015518865799018622,-0.007439472857058482,0.013595696275160885,0.007327652072890878,0.0046528776287815266
2025-05-01,-0.006122215200223935,0.010459615983189785,-0.0046670856232653435,0.008630128676172522,0.01096739511003153,0.005105846831157335,0.009050961137666569,0.03249297184314126,0.008346893573948577,-0.0033631475738381544,0.0014173363743221756,0.0051237793291174505,0.019057962540899975,0.012011977234368976,0.013188752485287836,0.0290368019539744,0.02690850942452383,0.024311362139908255,0.048548575823543105,0.015158243158490237,-0.007310208300750021,0.008610585006248783,-0.001431239602889267,0.003325010134492601,-0.0109284912041554,0.00946747084948596,0.017191924849332407,-0.01592756728892286,-0.06478316713854171,-0.014810801546591423,-0.003473533574015586
2025-05-02,-0.0019193569412864209,0.014301325488961902,0.015310967225226513,0.011978885835019382,0.02469238289061293,0.005362175152491266,0.05259951027616672,0.018020334557609763,0.01649361928310067,0.0016872482517835685,0.016102631065067152,0.015576389601262397,0.02935282704544706,0.008632245254512227,0.013226856424712663,0.017894013486223992,0.010253543420153388,0.042569456256922766,0.008114583720168822,0.035169967857405116,-0.0036732638754405356,0.022603864529990414,0.0004999923963342479,0.008423167044426805,0.005067693974742271,0.018253991190466445,0.028403784166536328,0.005712440551523867,0.015563028841568904,0.002594275360900067,0.013168060103905699
2025-05-05,0.001207476034633892,-0.012488259394075718,-0.010273242845668884,-0.004765581960942011,-0.004819472322211804,0.0010293093027913258,-0.013733809551538023,-0.011031306060172219,0.01270134024986036,-0.01291410622507616,0.008403296581419806,-0.01240942417344737,-0.01540195815927392,-0.0012034543306203016,-0.0195814057375997,-0.0027044800126125867,-0.01353256144429782,0.014724274051689745,-0.01893948465457318,-0.014484162083133412,-0.0003510825755953517,-0.0007589693303174938,0.0006330482835907869,-0.007531126952604716,-4.137837514150977e-05,-0.005625350831876541,-0.01780414464062363,0.006311151808234383,0.0009015246335108973,0.0013932011822987977,-0.01261462343417008
2025-05-06,-0.0002679815002774033,-0.02678810545829069,-0.010237198866365316,-0.0117392470785036,-0.016513193443735807,-0.00523467295241653,-0.0018455030381359094,-0.03255515156816713,-6.002519951919805e-05,-0.007963512450253396,-0.008865402212042905,-0.00409426125562784,-0.00721448733656882,-0.014459781927590898,0.000951164423954598,-0.01830517056694858,-0.002572121981386344,-0.0025728266617480733,-0.005308771128215928,-0.004173233680229149,-0.0026342807911621247,-0.007879986059515565,-0.007857703102622127,-0.006898432015102096,0.0036371385840672232,-0.0042894425166266625,-0.004647906000749047,-0.010975203733758931,-0.011858363431136887,-0.0028489504740684124,-0.011227227692810926
2025-05-07,-0.019302038868214355,0.004471098896196013,9.625122933187846e-05,0.0010941562956510165,0.009121770325041911,-0.015692529491063034,0.0,0.010054967647437962,0.0033006620503810424,-0.010894452714191427,-0.0033128338928444245,0.0002834031097864731,-0.004506855444628921,6.789797407313891e-05,0.005173097610690736,0.008287406516187978,0.0,0.004023930817869559,0.0019407397610264887,0.0010325747588018075,-0.0008805032640666344,0.005167415673774434,0.006443307634241169,0.0004167810566908514,-0.01037761682664018,0.008116368884057978,-0.0025682629456214023,0.003804650903925566,0.0036457367408326835,0.0055813587750508376,0.010963136738810109
2025-05-08,-0.007335184488413415,0.02503825416413563,-0.01654725136276769,-0.007962557178162188,0.004159640302219492,-0.014033390145737346,-0.012606081267880875,0.006769341133800566,-0.00287107618898208,0.008115856880176908,-0.013169345058516968,-0.01247155576555381,-0.011546294061746898,0.0013583911535783866,0.0002100552159036706,0.01712326705295575,-0.009455655010349173,-0.005857510620012163,0.0014528055554385855,-0.01917245189713712,-0.008635925665233524,0.004284103406267281,0.0026676180585192277,-0.0015275605495665978,-0.015355209689583815,0.00953737991750514,-0.016151748643161046,-0.002526840621211668,-0.0074163750908937676,-0.020417570990542644,0.004647546244228362
2025-05-09,0.009592389783335431,0.005156708655396969,0.00528247777588664,0.010544515216145856,0.008444177239716355,0.016653749721875055,0.004170601613854297,-0.01687539624319956,-0.0007798623880693745,0.004600344706823911,0.003948919412095853,0.0037313709340174306,0.0036925419770801327,0.006715045518922436,-0.01816656822649554,-0.005387235435366788,0.005785418292266309,0.003411162965034187,0.006769830523189357,0.008412721635180365,0.007822198355461829,0.0134610334029861,0.011207135071277907,0.006675809477928674,0.012974423086468123,0.001104259279016473,0.006186084859016505,0.008866376626273764,0.006556909273833789,0.006273146101631655,0.010408623110158777
2025-05-12,-0.05478019497627873,0.0021602005572363137,0.014888335425047305,0.037221568117513426,0.048187110198136374,-0.0430475720731347,0.008221709814880684,0.010862244359777895,-0.0034219518343928668,0.00457927844745698,0.007033838612658272,0.013725999665461508,0.012770138701656553,0.003166754698477048,0.05037432365742367,0.0629654476125252,-0.00805297352353207,0.00896264468989516,0.03602301948221753,0.0037418758088856308,-0.013229829638432222,0.03198953575880381,0.0036504804605674845,0.020033200801196083,-0.041804027151303935,0.050554604093548505,0.006620930509448453,-0.010671643194824276,-0.013331443438791224,-0.023796669232884482,0.028996529836284424
2025-05-13,-0.01904578893284159,-0.024653166195541476,-0.01864901343994807,-0.008408322485565667,-0.010023376340218215,-0.02149682133579489,-0.014459856892324874,-0.002653183278447546,-0.0012048547398912923,-0.01709393345303767,-0.0019300105072710405,-0.018476802418152194,-0.0192107090006004,-0.01255958485663733,-0.013236830642855413,0.003821708327063078,-0.022035426827390348,-0.005717853442735121,-0.005099659915271504,-0.01650071580065604,-0.015731092612834008,-0.005710239882293466,-0.009994050619230532,-0.010564776876950344,-0.01676312335830976,-0.06159593151881748,-0.021611398392646253,-0.00507618883302241,-0.014586109536232628,-0.0024033701919570216,-0.01038185189320362
2025-05-14,0.00264757139820615,-0.019475183994651757,-0.015144036424301843,0.0010599673852582647,-0.017509158351637244,-0.0009153688157507167,-0.012710077223432537,0.006783747461561962,-0.0007840956743143668,-0.01623204936209377,-0.01102674050081942,-0.007616030087145065,-0.007692138971749474,-0.008230188423469897,-0.01743889632057738,-0.01649752329683485,-0.007708185884151453,-0.0024645557266022022,-0.016775369173359866,-0.01609393186954644,-0.009444187998321474,-0.019143072151059592,-0.013040789605649139,-0.0116359332671091,-0.01368346896378192,0.0018647347581524087,-0.011524759506663096,-0.008290777404019067,-0.006855725440842897,-0.00836737921831232,-0.02510302658468444
2025-05-15,0.03510994885036656,0.008029309875743573,0.019741994193418932,0.013159931261709223,0.009375536469523382,0.025857603097285242,0.01944012648623583,0.004756250478790136,0.012796511027224788,0.020035442081057786,0.009345718301490002,0.02606439304367747,0.024368221072338825,0.018997334624303086,0.01564791537844723,-0.0064516181299150155,0.016731284586148254,0.02429485824266031,0.013744000032205994,0.016167725260842092,0.015768235568154543,0.015148749484430901,0.022770721163980046,0.005401644758253443,0.0285546912242165,0.011477858573860855,0.017731516598773256,0.01704174387747548,0.017100795832273086,0.02433755677621141,0.017294393021320298
2025-05-16,0.00803104895269513,0.01802684141870947,0.012258030658215402,0.012839467026339646,0.010286299945826416,0.015381589736270795,0.01389948155783527,0.012360220569248126,0.01346923937001665,0.02426340198203869,0.010008789496304349,0.009878556477187272,0.01149151719487529,0.021402538129827953,0.01282182565295753,0.01038966903957772,0.01146051862248032,0.011155802356391353,0.014025358986968994,0.014294612423898068,0.015162489403106827,0.012084580428224578,0.013673041698648358,0.016944534892655794,0.017416802739272486,0.012819745723440468,0.01241037092354813,0.014859307090085094,0.012339827190714914,0.01245831464809477,0.009444656521127914
2025-05-19,0.0082013735479054,0.016472240120996462,0.0024987305182813113,0.000884551282753332,-0.008509954501887629,0.006450410467648604,-0.004764661596445174,-0.0010390207024255638,0.004351617880947067,0.005219033538429008,0.0018837443420764988,-0.0029346098618787675,-0.007689385107317537,0.005469177708328443,-0.0016334340176346052,-0.008997448535703056,-0.0005809736496695805,0.004472667899861227,-0.0009220972050664189,-0.011397062776548061,0.00017768588477018454,0.0009045492564101476,0.0010026942922105597,0.0031157810894264504,0.010425590921625094,-0.003815425636742975,-0.004478983378655488,0.0015576807107466895,-0.002133170520450256,0.012977357853279692,-0.008233520437536002
2025-05-20,0.0012550162045497082,-0.025253211457914815,-0.00014378402974768445,-0.004418277763079348,-0.016629612059131937,-0.0005827311640688171,-0.001931779118249044,-0.007021205172473288,-0.0038643200298249525,-0.012979733343727595,-0.0019143956497390535,-0.003363633869517213,0.0035254642180106988,-0.0034733651386474884,-0.01380508263332314,-0.018158212576652066,-0.0023256930118786823,-0.005145399181559651,-0.017074364506474815,-0.006136049689140277,-0.0008888877326714839,-0.017352026188522496,-0.0052995133496396285,-0.012424204528595384,-0.00734578665572605,-0.00942308165831196,-0.0054463260351383935,-0.007153982880495069,-0.007940125697623923,0.003783653151757882,-0.010943442144943138
2025-05-21,-0.007753055428231126,-0.05001384199545178,-0.03283949070556025,-0.038609489999243185,-0.05805801240965658,-0.013602815703654292,-0.027770809719608436,-0.0315569408856311,-0.016693211205874636,-0.03773581801015158,-0.01384297221029862,-0.030656764857834085,-0.033634855296236,-0.043732735209470186,-0.026752404554943987,-0.02509911971282841,-0.021561687458642287,-0.043962630899566646,-0.03239429215715417,-0.026878781748224223,-0.016903824062365236,-0.03734021860194181,-0.03885394438300738,-0.02447688148209326,-0.008041752737188546,-0.029581416565710894,-0.03214282862069129,-0.017543870274638884,-0.020778826285313134,-0.01930960286585126,-0.03929792955922007
2025-05-22,-0.016188588715384422,0.0005833958670102835,-0.009318947032909475,-0.005539333531665691,-0.0036402947911631234,-0.015760396638851537,-0.00978098952468176,0.002433752128230715,0.0039452603054368485,-0.0005941644659097634,0.00856668904494473,-0.009139624632063192,-0.014649151470035982,-0.0043325152404498635,-0.002130846876558956,0.004742557756178378,-0.014294336131618457,-0.0033290967035479735,0.0,-0.010445973430891486,-0.001266994439387381,0.004012557260749894,-0.00027037322131928665,-0.003644507396466601,-0.010918970002948059,-0.0010751535982596039,-0.013530259893512864,-0.005102026348160593,0.0004715929164025301,-0.009440385208790758,0.00277996943591452
2025-05-23,0.007561667288102036,-0.01136862392510074,-0.00915641174066617,-0.0003093950467571993,0.005812479834496065,0.0024019995156487894,-0.011975509006755924,-0.0020232199502803194,0.001012194732580296,0.00118903541441151,-0.003508341635711232,-0.01010258525216401,-0.015670670359891448,0.006561572544191652,-0.011744642737791522,-0.008766015230076252,-0.002718989710161601,0.004279647512362095,-0.006307708649429089,-0.010685895448096061,0.006342799390501641,-0.009991339124400644,0.0031104977056874983,-0.0009848026503612717,0.005475971334840901,-0.00747065592319851,-0.015710653085366677,0.008653829233151944,0.0073841823359401815,0.015452718630203144,-0.0007921403110319192
2025-05-27,0.008685010504474677,0.03729911462623181,0.017320629279514055,0.03838410701541428,0.022950602424891553,0.0038937036008790393,0.01813674120604758,0.008379548107618318,0.015227248030414087,0.030285077440466823,0.015461023378289473,0.014938699524396304,0.019037349138327553,0.015027830118726992,0.02765776485792104,0.0523810002551508,0.0112088556266845,0.011433314840556985,0.025878999133335245,0.00962294627889193,0.01134524577551721,0.024798127658742786,0.011594171278309418,0.015913199860086547,0.006491766323802661,0.021942950478449852,0.01444142658183667,0.008897368072348089,0.014504000032613096,0.0221224314021935,0.02378129594218792
2025-05-28,-0.00580252321602992,-0.009806754606098367,0.0025810871689502246,0.010135559576220476,-0.0018562129782578873,-0.009050223494689424,0.004431651071564957,-0.0049591575332421645,-0.006444774125480057,0.0034582504147955273,0.004345294384418885,0.005683460081063352,0.01300068441771618,0.003853538425728553,-0.002943717828952086,-0.003232095676625635,-0.005392478615883989,-0.00020551421259962233,-0.0014280039654422927,0.0038255307853474196,-0.0055199494666903215,0.012192797940179911,0.006730213244952932,-0.007208076377522743,-0.008571039239085754,0.00624180899468163,0.01623364399681204,-0.006929129409002477,-0.01029978437914103,-0.005050201785899766,0.002322836190209232
2025-05-29,0.005883511524280571,0.022678348560177808,0.02000202840390286,0.01593631322228828,0.008004510521723462,0.007125638522901934,0.011419799061633817,-0.0022898460915538044,0.01580369072925114,0.006318183746708339,0.007733185251701524,0.014055930686116769,0.014056132200641613,0.015623836167254712,0.011914869443235387,0.003891041077745072,0.00903611455072828,0.005242124326804598,0.0176359160291224,0.006006928250776422,0.009131604333873167,0.012138705056345067,0.012774657169498438,0.010751043398200988,0.005283180021466105,0.01253017182561611,0.015482944855031322,0.004440218370671545,-0.0035724862670170054,0.00903105078139177,0.005793818491052205
2025-05-30,0.004398427498483404,-0.014877115176934241,0.003640487854656538,-0.0220769459409752,0.002807399368425445,0.0,0.004961009582805875,-0.006885407564894419,-0.004295700080927944,-0.006278514935688317,0.001566337243399163,0.002286359067069421,0.006452098184643873,0.002254497718345183,-0.005105718805599069,0.0006459516608263716,0.005970091298155733,0.009304635477836998,-0.004215427239369407,0.005778451983848409,0.004613208465066965,-0.005767674313227555,0.0078099691360511425,-0.003315258041184932,0.007166408343980635,-0.000980125119615205,0.0026622111113256963,0.0012629908282082436,0.002026465697133384,0.007904823918347681,0.0030970968132586485
2025-06-02,-0.002515717052080868,-0.008405844841532839,0.001837683338481666,0.003861476111348461,-0.0036794040699421604,-0.004583925676039158,0.0028939189360570605,-0.003942372555088003,0.006996205607230577,0.0,0.0018788763713630807,-0.0029940215162127526,0.0026770604877912607,0.012173396371566225,-0.000418922423522039,-0.003227860458500431,-0.0008901934146471335,0.007699400738829576,-0.004233363096424525,-0.0062559576490417435,0.004063836601544191,0.001381222228833856,0.004409707052682732,-0.0027721003756393525,-0.0035792911865079047,-0.000981181507487272,-0.00048278703238502363,0.0018922184748122461,-0.0029558689978570474,0.006092834125251523,-0.009262824103881129
2025-06-03,-0.0033627970127720896,0.010057503020041603,-0.015399413011099372,0.04127833235386125,0.0030507778601531754,-0.00030030150579973824,-0.001103343982501226,0.03302860528476437,0.005905534576088778,-0.014933958984096218,0.00488499216026983,-0.014728967340130295,-0.013454717010320638,-0.020001353125533416,-0.0031433966994617313,0.014896378729568616,-0.0065339776783576164,0.00492603069586206,-0.0056683896745010065,-0.02087749751543544,-0.01007427291149432,0.002482699928735954,-0.02085422245114288,-0.005698383362922055,-0.0068380587195930875,-0.006936412125953306,-0.007727578825726389,-0.0009443527988629574,-0.013106507111866117,-0.019456283009345432,0.00740165693388839
2025-06-04,0.0045457031847668805,0.0038407105817417353,0.0031869257115950678,0.01207744849012915,0.01976949873889655,0.003705165764487539,-0.0010195107787601687,0.018100080235141425,0.013007874837442479,-0.0029155017972271047,0.019400099269773152,0.0015964897582716464,0.006872510451648273,-0.0017341587606655162,0.0,-0.012763190370412514,-0.006278040836144028,0.002501016097882669,-0.0042755963961730314,-0.0036740425490167095,-0.0016068698458689967,-0.005411830700928877,-6.58568309083174e-05,0.0018171593515430295,0.005534270071927416,-0.0009890053186508707,0.0009734699187473606,-0.011342153512635345,-0.0011067191465876647,-0.000985505252903418,0.016628008315036746
2025-06-05,0.008676986453799662,-0.01445371575364518,-0.008015267060734299,0.00814255618130133,0.0018051622394503752,0.0004987790568806716,-0.01564895447364334,0.014793659820474536,-0.0005113219798960067,-0.0011695658413171106,-0.002696801074036692,-0.007969948557777329,-0.01633894747664133,-0.0016034951618414395,-0.007042230096051538,-0.006464191353251159,-0.009025357071362428,0.010677551867223078,-0.006679302304975487,-0.013433381258618038,-0.0016093874951647047,-0.005625753360318231,-0.009331043641358283,-0.005999701595090334,-0.004767090372765459,-0.005382932668624996,-0.0036470322903947583,0.0022307524213511787,0.0018993261611568446,0.006445220045181221,0.015595277030589827
2025-06-06,-0.01701976024820162,0.014090514006231736,0.0008867947204813653,0.032168228330386794,0.007286179403145132,-0.013262846481704171,0.0007776316724430465,0.004092067868442628,0.005286771105879051,0.010538642606926274,0.005155321841131766,0.0005843651094290525,0.0034155138887490555,0.002676887377997428,0.02064142262812374,0.025374169962745885,0.007589630013715265,0.009182461441709089,0.02041808860112071,0.0004671743559472308,0.0030449307833606554,0.008996496139853205,0.008154141895549971,0.010808607608406628,-0.01728718191254397,0.00839818845781859,0.0021962102765968883,0.0006359128672128733,0.005371212298793671,0.009279214404185332,0.0011235497542949613
2025-06-09,0.0013645194551472617,0.017297611087672804,0.01855770308887217,-0.020777087529904703,0.002099937763797799,0.0007074639630186841,0.014762989348448441,0.0050942631556292195,-0.0009048341114292757,0.0005793619748462042,-0.007600376477913118,0.011970744580312997,0.0165896638504881,0.004071274902892386,0.0034225366589997197,0.010152279597198888,0.0,-0.009685896307995878,0.002858478637286277,0.007405434751294182,0.014464342445459799,0.0012869129021850778,-0.0010894973312098877,0.0020830371130453607,-0.0030573697492468632,0.002624892938147161,0.009982949643198458,0.017477012490925814,-0.015556225625161013,-0.026804787772419236,0.01047514745382161
2025-06-10,0.008363472559069551,0.022020913197420944,0.005074455571179248,0.004271057467162942,0.03112395125430245,0.00878611634593307,0.0048494484147147965,0.027242797462771806,0.005716644702204787,0.019108319173365196,-0.00015422225976702286,0.009809626430392182,0.01462702190395504,0.00784354981998403,0.011266147108369706,0.009422087304506332,0.012955694493290704,-0.0015807555282195684,0.007125963482925712,0.0056953682804739,0.009505315571943562,0.005140894127815709,0.004759142463959254,0.007067497338091089,0.005200222856036385,0.0029298168935780744,0.01133079782174895,0.013429075639597832,0.012769395027706798,0.003925196909544404,0.021103283598447264
2025-06-11,-0.0011648995750653812,-0.0019091836714152377,-0.0068759893845984354,0.001234847920126958,0.0073767081860385275,-0.0046051120116896715,-0.005842016436795716,0.008881228856709722,-0.010411416274803131,-0.005113636673329092,-0.015032969167809274,-0.010428636180826789,-0.005835910716150083,-0.008903784996305841,-0.014104602243416253,-0.006222780182891241,-0.008923231090862793,-0.0007915530546347416,-0.009905706804897885,-0.009877518727586243,0.007149072158334491,-0.009041965949279418,-0.01269650199304262,-0.013270259852112831,-0.006234540322240023,-0.007396372962400588,-0.00905842154824077,0.0009245040397454218,-0.0006304348194857701,-0.004373680782075118,-0.00797676990438978
2025-06-12,0.015581269130783948,-0.0017762196742043823,0.011087485343599601,0.006851216085552281,0.012627978915667137,0.006034436960771217,0.009112550079775517,0.007091353766504049,0.00392399334895055,-0.0005710900873794333,0.003043494087471066,0.012992632157012185,0.012439325415912084,0.0015970926713073652,0.0018659984420006381,-0.01753291201263585,0.012304877944546044,0.015151548607795329,0.0014292847533419195,0.007249244037417224,0.003462604383581258,-0.0005529271383439838,-0.0017162799816253793,0.000704061693553637,0.014772001442575178,-0.005698207135246824,0.008900646071029028,0.0033866377504696565,0.004888800461600118,0.011115535861859982,-0.0021930326006028844
2025-06-13,-0.005555541427047173,-0.013002991545152387,-0.012689795292075923,-0.018780685859069224,-0.01881643278752465,-0.005830261221204225,-0.02000165980248869,-0.014689802648123251,-0.0047914913558188,-0.00685721628111402,-0.004216738062272296,-0.01838390630057296,-0.01825713457938405,-0.006046012666381717,-0.013969361620828735,-0.02995535471604327,-0.005632839242843635,-0.008974849779123995,-0.009039035676492668,-0.010564482515462603,-0.005521023352565324,-0.010697235567890928,-0.005730597419281724,-0.011398783935024137,-0.001052332553411417,-0.011902509412181517,-0.016928964481321418,-0.014421598478362774,0.002197111950032804,0.0032255297384158332,-0.018315018826859042
2025-06-16,0.0008379547170578316,0.007349843636165421,0.005044148052246955,0.009986058400562436,0.008498194122273706,0.006199823296428875,0.0003445051592880777,0.00961063016389474,0.009113293556290536,-0.00798706385323722,-0.005030012278962603,0.003194018825768641,0.002425613158545392,0.006690026766293933,0.0036730017522577096,0.027595265712949235,-0.004770422690844711,0.012549051247011223,0.004320698651825827,-0.002135517592156022,-0.0043372663067549055,-0.004287842201548431,-0.001322307619244123,0.0021352530374221246,0.010051324530256256,0.00611858987388203,-0.0016977644511725343,0.0006227084047818465,-0.016285647521063096,-0.011942205632015312,-0.0037312864540238744
2025-06-17,0.00074427232900387,-0.019548382763394545,-0.0044397362821751996,-0.014831037667763947,-0.013721189507324372,-0.0019192165798611605,-0.0022383466265202268,-0.025018342576005326,0.0,-0.007584548739547392,-0.0015650673987815944,-0.0053545597405364465,-0.005646104856140477,-0.007249794067294313,-0.004705114215983741,-0.004475713039036933,0.004493636100448617,0.006858008722789188,-0.0066921314119440245,-0.003611270584772952,0.0024393962494282384,-0.006804661537813672,-0.0030553839759092094,-0.0036932120823164327,-0.006952854504936767,-0.004624323607732128,-0.004373211568815649,0.005600466866977127,-0.0009551359038639795,0.008566830060077635,-0.03108613857637499
2025-06-18,0.001580349255625224,-0.004773970293235452,0.0010664479509614466,-0.0004181782382245425,0.00914869774778837,0.005768643952108299,-0.002415847951934169,-0.004005503783564679,0.003067184780246146,0.0023514995673423744,0.00010145453033705287,0.002036962698667155,0.001657583913420746,-0.009736983212855765,0.0045173387102332985,0.010276167942199876,0.006561259232868544,-0.0011676084568169598,0.010587069590227483,-0.00046987933175124397,0.000869178537345805,-9.510426476566636e-05,-0.009705121800634764,0.00826920211151716,-0.0008751835484990256,-0.0001909169373427444,0.003416337550294246,0.013892894059930994,-0.0009559878107878728,0.008625782581891173,0.0038654221444569536
2025-06-20,0.009281604045179526,0.006913114200656878,0.002372601147988096,-0.0033468254753775684,0.003146760808451665,0.008049940368964004,-0.00025954618113788186,0.0010054270624797468,-0.006681811403101756,0.002932618571647616,-0.004476485101667871,0.0017423228688773218,0.001161923393076636,-0.002594671436952911,-0.0014641624091760175,-0.0038143582377266894,-0.0005926210750969441,-0.012859227230419878,-0.005238124302455405,-0.0024174094465349016,-0.006946857287237873,0.005805106582813968,-0.0025102678465551698,0.005938888033027334,0.004335976710832856,0.001082101606242336,-0.0019455194546319499,-0.0018559038011987106,-0.00398719633914868,-0.012664755682051387,0.008086291774112686
2025-06-23,0.019082256928460772,0.021717751741449964,0.0031882221277024225,-0.0067161286612544835,0.035178181606828396,0.023457760700362984,0.005796437385099162,0.004896414088852552,0.01094514986310835,0.022806981342003763,0.008041835296609623,0.0010146431222097796,0.005134644990905324,0.01985345211934919,0.009425997054770097,0.006381687648418843,0.008597701658280554,0.016974254313849135,0.015797028882134745,0.010770100496835022,0.020811421153284604,0.013624702230563779,0.016133561121058237,0.015884133583256688,0.020975960969013885,0.011508854259697499,0.008528215984132004,0.016733836624332143,0.01729381367943028,0.019042512030017056,0.01527882405911174
2025-06-24,0.010287410229054661,0.033598570438627906,-0.007415517864164833,-0.009156252129471909,0.003823944848177163,0.0064371761432484575,-0.006279068427340384,0.011993991422936334,0.0018044847796716557,0.0,0.01856223723431283,-0.012096419160408378,0.0008047827953838738,-0.0029536311861498854,-0.0011413190159237363,-0.0063412199633031685,-0.005584822604277617,0.02134882953023509,0.0009425286715765147,-0.0065930039226143045,-0.006681463001262378,0.00933445370706476,0.002849763570568875,-0.008440473353966249,0.010592905510214079,0.00653754886951341,-0.009905768332783338,0.0,-0.0028333238235724867,0.0008435302811529155,0.002633547593120511
2025-06-25,-0.01647984628223509,-0.022422768562047057,-0.023819955491065414,-0.052601620067133203,-0.028103238157741184,-0.01327650658172963,-0.021379751130791935,0.0032099029164256443,-0.030451444053770427,-0.010291612780522819,-0.0906674047891961,-0.028131499853771835,-0.014439020377824296,-0.02080385351973313,-0.02659182489282752,-0.010848770374885297,-0.02571697179073673,-0.02441804935699965,-0.01930319453061491,-0.02185422368339618,-0.015522595639648973,-0.030981212977097328,-0.02083898354167224,-0.02274636895775617,-0.016568103662767064,-0.01698726769703207,-0.02122978179299906,-0.01676327426811819,0.002525659353158627,-0.005316092863654753,-0.02176359970012043
2025-06-26,-0.01226045288019173,0.0071932303623114535,0.014461797738285265,0.016806783202090392,0.021224634604929182,-0.014437254224209606,0.011233041649488795,0.002953456281814759,-0.015442691797441954,0.00982091747769398,-0.09557080284728547,0.027726991342891916,0.02064567422694097,0.0014438356129891083,0.012058378713730722,0.013548416768286886,0.0076522808084402705,-0.017237988291836648,0.009121485105786364,0.010623007421391328,0.002102285911958379,-0.0037220785855315297,-0.0030057874165601017,0.0072826238058030235,-0.008509522906415157,0.020330446830485682,0.017701243314429904,-0.002169860460826345,-0.002834155566299734,0.00032590141526944727,0.00958956666384747
2025-06-27,0.0011952671098254264,-0.011319160242872162,0.0012247314321698344,0.012396623885537972,0.009341795779075568,0.002989567078420796,-0.004985604304988733,-0.009079728389810193,0.010436961558359714,-0.006864927633139617,0.05308968720148832,-0.0016306049784231558,-0.008028693645394935,0.0014418587206836975,-0.0018977911137343373,0.003182719414975832,-0.0060752417790488344,0.013774644130454705,-0.004281643702564675,0.0026447807669316425,-0.0029720685723230167,0.01178277003664352,0.0045396178582133295,0.0,0.0004334898345839111,-0.0006227029870170542,-0.0026947258422707066,0.002795904207129052,-0.007105678831329065,-0.008795874917296054,-0.017857116975837806
