Date,ACGL,AFL,AIG,AIZ,AJG,ALL,AMP,AON,APO,AXP,BAC,BEN,BK,BLK,BRK.B,BRO,BX,C,CB,CBOE,CFG,CINF,CME,COF,COIN,CPAY,EG,ERIE,FDS,FI,FIS,FITB,GL,GPN,GS,HBAN,HIG,ICE,IVZ,JKHY,JPM,KEY,KKR,L,MA,MCO,MET,MKTX,MMC,MS,MSCI,MTB,NDAQ,NTRS,PFG,PGR,PNC,PRU,PYPL,RF,RJF,SCHW,SPGI,STT,SYF,TFC,TROW,TRV,USB,V,WFC,WRB,WTW
2025-04-02,0.007073021733854823,-0.0016006840719143822,0.01048266741963988,-0.0037341740209089203,0.0006107450217789356,-0.009975940196969568,0.011623112341506259,-0.006970734927196576,0.02276513853270945,0.01763521736781737,0.008676700112719926,0.006214484742427473,0.0053719192679893,0.018811969411011153,0.008874426453431283,0.0009669183190395003,0.034033560410255737,0.01729512145636658,0.00046454761537106926,-0.0024884357238748045,0.026361103087789273,0.0009494581165603311,0.001144037822222499,0.022219662669900053,0.04830387617124021,0.018551660446221252,-0.00019158568051547142,0.011094908001405557,-0.011575227768926721,0.018647806369460396,0.01568992142855663,0.017724111631639117,0.0072655728913386675,0.01178375403655596,0.026711628379831653,0.01739129202266332,0.003778431454295017,-0.006122863200681228,0.03291640522484851,0.0004890394928296349,0.008864899334281029,0.01708860833040826,0.025967483338818154,-0.0006514737915691571,-0.002060170807496653,0.004501037546977171,0.016387322879295896,-0.02357349070597936,-0.0014754073056567618,0.030499374000051205,0.015265336703085719,0.018937522639819626,0.02972126507234285,0.007963326823586803,0.012213758001918373,-0.010763705741624219,0.01357077143930896,0.009132422618209679,0.01588506922838895,0.02086234932819786,0.027443801513731714,0.011844951749559574,0.006264881502862751,0.008669206994749823,0.03360874634060873,0.013164306416978633,0.017665585477643075,-0.0001890455954345338,0.029686304259826768,-5.7809182039791907e-05,0.013322115298761483,-0.007117360190800559,0.0012759036507903332
2025-04-03,-0.005577369523129705,-0.004631680508820013,-0.017327901764519593,-0.034872157010615745,0.0009591055931532644,-0.0005354389453688935,-0.07797957225736407,-0.004393581899700183,-0.12768517621828201,-0.09965479743354144,-0.1106331168682323,-0.07617084771294191,-0.051175466490005705,-0.07713338191787478,-0.014059357975319875,0.0016099123222279577,-0.09860491515101821,-0.12137682440781428,0.0030509480801423905,0.005880289332421906,-0.1305808339044634,-0.019581263867583076,0.022167873952599226,-0.09957183874074194,-0.06663024129404538,-0.11405217389231836,-0.009799054601606239,0.014438328101280762,-0.032254510381229395,-0.040902057261314795,-0.016239753419019287,-0.10474502135702601,-0.039978857686391644,-0.06646582768504117,-0.09211507273581299,-0.11505584311039485,-0.01137268677884673,-0.016897462265763386,-0.11854681850165294,0.002661505563586797,-0.0696851582116228,-0.12134415801908494,-0.15177832731567842,-0.009996744655560663,-0.030746458147756672,-0.06052364616647621,-0.07976711376366674,0.02523355459048071,0.00595075462900696,-0.09507836432908534,-0.05517747458304756,-0.0909799570092471,-0.05759897003738912,-0.08254837258895831,-0.07970757851215882,0.020880070074433377,-0.08880854414393069,-0.07026885078151335,-0.08101269274446299,-0.10944598361256297,-0.08182400598667239,-0.04733412589405339,-0.04786172035555225,-0.07545483177708612,-0.15422342268593514,-0.10875842603514407,-0.08178912959188611,-0.005255349020750977,-0.09811661410927097,-0.020038615235586033,-0.09119849759835497,0.007741863776629554,-0.014877127489193787
2025-04-04,-0.08776482192954904,-0.08742727157022567,-0.0841067237386034,-0.08067050950013466,-0.07302550257295115,-0.09132086129234773,-0.07375880788808442,-0.046995861872532685,-0.119643549454161,-0.05392717624554033,-0.07603445789151753,-0.0245125562443389,-0.08259299048492241,-0.07326088021941235,-0.06907342397504257,-0.07570524370717258,-0.06055595020101523,-0.07803332292699561,-0.07200951991870863,-0.04743138427421656,-0.05383763702042521,-0.08991014851692591,-0.051795970954829906,-0.08211403227433456,-0.059791472145247715,-0.09149008944956327,-0.06838793698612944,-0.05927976422714565,-0.04794689016700182,-0.08437062382630789,-0.06187086825608534,-0.04849171514366002,-0.08069952061941021,-0.08711554752397344,-0.07906425487755697,-0.06389305143306456,-0.07995790186990415,-0.06457380710237182,-0.07375272878093031,-0.0648971832296329,-0.07483833931676864,-0.04603396535027837,-0.09517312295669833,-0.08769614806960191,-0.07686363476097868,-0.09032763062631866,-0.09010678700412178,-0.014850756106301377,-0.05760022548050947,-0.07504860696146598,-0.06751441332842179,-0.03880998533240454,-0.07507794485090002,-0.05045259218674836,-0.08043369387717836,-0.10229962062674025,-0.05077808436335185,-0.07882431396749245,-0.05412413226608348,-0.04844468819906067,-0.05089031449925652,-0.07760124073332153,-0.07740408254046394,-0.07943982717669806,-0.05906354688090354,-0.06074514134672038,-0.04198567082358684,-0.07920943375876999,-0.050528468473000965,-0.07737411094767732,-0.07141763252358235,-0.06914203707792654,-0.0710267442306971
2025-04-07,-0.03233523748238154,-0.01941561480385523,-0.017606124660125122,-0.029944870860194817,-0.026280451244485414,-0.03237391300417436,0.013643193372164353,-0.03036513563331611,0.03386090804075481,0.002567641743833393,0.03460310542463518,-0.03655050502094437,0.010639778364391228,-0.006224003871467043,-0.006402730492763631,-0.020346043828870397,-0.0031189858060952647,0.012386008254516412,-0.022659204494525742,-0.036356837596226765,0.016632534791547915,-0.03865139803772322,-0.008213536157221424,0.027229796559844255,-0.020367512988503367,-0.0009702975783698609,-0.031392756860592064,-0.03581692712584439,-0.025493232770029017,-0.0008056578911985746,-0.01716746529669455,0.00948144032405085,-0.024654505669816085,-0.02768610243952585,-0.011257128533258887,0.008730187851351712,-0.032931230663493016,-0.013334270414209315,-0.007806358835790839,-0.018885335474840725,0.019783173507639917,0.0029695887255203335,0.05119089696581991,-0.026828697237870625,-0.008677575858110687,-0.011008107806242395,0.003908992329232586,-0.023574720859638743,-0.028062517553076205,0.010918461976743066,-0.0017341569125745027,0.004012178884711837,-0.007472636403087263,-0.0059296468046978745,-0.017685760001892814,-0.009198877649239434,-0.0018942123203556926,-0.007769607584193539,0.002741131580263012,0.0010718640143376756,0.010432693828490658,0.014190614621852449,-0.029213739254610793,0.0006557616933586807,0.02282588347822223,0.01006032036715987,-0.011380026719919223,-0.034797323877281516,-0.0008146171576867145,-0.0025867778147438125,0.019514577640908026,-0.017576100805025474,-0.02522663638438072
2025-04-08,0.01682551289703449,-0.002299999010373699,0.0014183259620201838,-0.009260824604197415,0.0021554030658819112,0.01628540004331458,-0.0045099881911072615,-0.011307794835104135,-0.017354921483264674,-0.012335662275447246,-0.015458173311644674,-0.01244825025750218,-0.007963249854735177,-0.0021774537353940193,0.004608690695219186,-0.002307637593561118,-0.03674289827124544,-0.0013593785160564975,0.0024423406688101057,0.004149180260647256,-0.012629136583979794,0.003554528085621955,0.01054013035645851,-0.014999605609509525,-0.03694047306515191,-0.018106771188671766,0.017154779014930233,-0.0014170792406300592,-0.016593475426787574,-0.014362054366317323,-0.008151393317868516,-0.01907839194038341,-0.00909648092480475,-0.03707738927414661,-0.007067581770036191,-0.01730926258873544,0.002458295392155474,-0.01959264644079095,-0.044846560085216924,-0.03436469445560697,0.011331773696282577,-0.02072543159146989,-0.0310641828544318,0.006922943695159445,-0.0115339493494373,-0.0032662369968965432,-0.01326790842315606,-0.007935718361638866,-0.013810724594686241,-0.006044353147449999,0.0008093898162890856,-0.006787167947522543,-0.019781431507259417,-0.012280690560585117,-0.029169621519031574,0.020017956230760747,-0.019959463000276734,-0.006890712771134511,-0.019135468225584984,-0.01820124818417812,-0.000640333316404007,-0.001570555043462929,0.007277974382696506,-0.012712956447466284,-0.021870148098326325,-0.006260714986983884,-0.017021922573335457,0.011546894363683613,-0.010869578887662379,-0.012967530816371808,-0.0014476293372968074,0.016179232942990396,0.0034882106878442176
2025-04-09,0.0585513225549521,0.05542757297403611,0.06630611785224194,0.07516828931391628,0.03945046285862808,0.051943072513183086,0.11027654717789348,0.036476650279307465,0.1633909260372266,0.13384325698493993,0.06051961714542475,0.11524610540627656,0.07959178984132809,0.0997401978840784,0.058399556756721926,0.037630072142422755,0.14399929407186085,0.09154334966219202,0.03501947425288021,-0.011146914283334697,0.08924424202207737,0.05966151080970783,-0.0035289630962409557,0.14808000691273882,0.16914237083722772,0.13706852294149474,0.04921092614560618,0.05647680660913945,0.07012664973135996,0.07561740795460459,0.06266522479348269,0.0718133239169747,0.08244324292072447,0.13577448423995087,0.11823372494667383,0.09767821882773098,0.05694829506323251,0.03423039951628337,0.12438208158215147,0.043842532414805735,0.08055520363603241,0.0975057085188149,0.16876520582166843,0.05991406473574945,0.07569487417327525,0.1055960952036894,0.09967847067835245,-0.014931885270579426,0.04038071111975383,0.11354800850314173,0.08355521772205621,0.07331713623810932,0.08418674664078729,0.10444045554490344,0.11083948696597301,0.03736846659480064,0.06991189271303,0.09240952668097058,0.11391745223671434,0.09051245448696776,0.09146234892608929,0.0760760126406812,0.07359001365147955,0.09279167951975942,0.15172246964682423,0.0879154051461073,0.12320931094243637,0.04891558597948875,0.07967032501287385,0.07837282886464103,0.06846004397252914,0.024647921319937316,0.04221018713321456
2025-04-10,-0.009838232322394114,-0.005887983694702337,-0.017749308257139496,-0.015110686340292112,0.005867470299331101,-0.01145082134433928,-0.03484142395199097,-0.011650657954317745,-0.035188786549047,-0.05896474108031824,-0.03499330069133233,-0.04628636008222298,-0.03453054361570085,-0.042694043157712636,-0.010740062281826002,0.005315557345252575,-0.07214617230629072,-0.03990648037868194,-0.008010676756417312,0.020455793031476155,-0.07152389610683774,-0.022506100965607567,0.016763143570758476,-0.07289461526337149,-0.04218194915115503,-0.06875448230194725,-0.020035624572300126,0.031965189312227915,-0.02373368755121663,-0.02851982061385616,-0.04004976043604869,-0.055555483919495385,-0.0328630520348181,-0.07777532618274108,-0.05237292432019569,-0.05981038845658038,-0.013577424396195803,-0.01033099801886106,-0.07032964589408353,-0.003339036934839945,-0.030852574441380898,-0.05371902503991943,-0.07776567168412363,-0.022703543383198466,-0.03121664739446317,-0.035477352336127255,-0.054890982629849705,0.035090311717125955,-0.003441336881575663,-0.04583706675600718,-0.039247807751791486,-0.060752051965096254,-0.02347543564297072,-0.057145796907941415,-0.06872004906516638,0.011365769727170294,-0.050365020323382526,-0.05225670055215792,-0.0530101540141501,-0.049999946929080163,-0.029718171911460756,-0.018604695632574275,-0.03424119453671959,-0.04033041801751247,-0.07626775146894826,-0.06185850024002981,-0.0466948914851224,-0.011809772693124332,-0.052162818283694734,-0.023523759299420965,-0.048545151261731645,0.0026893520320903086,0.005813004331652882
2025-04-11,0.01711189435891436,0.020538762437275038,0.007621443031176955,-0.003993312176044483,0.02548195187611313,0.009224883929519256,0.02683341287809582,0.019727925304954486,0.016057486927614217,0.01717364844719471,0.0027894192375843563,0.01015804852327129,0.013836320559412973,0.023288796495088082,0.01609117278116723,0.013644851422518922,-0.002118494763112544,0.0008118064363271671,0.0036480795943065747,0.024140519770927904,0.0008622771702138099,-0.0038754467979330576,0.012190786978965695,-0.00733846087913137,0.03466575316636522,0.019149999796372885,0.023843042747404564,0.010558044638715902,0.020998781515387366,0.018397076118047195,0.040857346785639015,0.0002955872173433516,0.007588531633313078,0.020663156726500098,0.009473291504494386,0.0,0.010976612921146378,0.0046395290040066595,0.007092236398332785,0.01545788441535656,0.040024587308574056,-0.000727843754613211,-0.0042210914904121655,0.0036742392330348927,0.02084752621150976,0.012765060253591143,0.004078191639988127,0.05463098254132004,0.019976360449715624,0.01444929771773329,0.02639405359716207,0.0006334973739319238,0.017496371819211376,0.003979894938322515,0.009032849352938133,0.009005050239771828,-0.0011173054164032026,0.00355396956300158,0.03352045464437814,-0.0015790248297743448,0.023443967021295586,0.04211245257128171,0.016122015940276846,0.005189927051546306,-0.010722690378017097,-0.007014530579379397,0.03246078385944684,-0.00016317262069664995,0.016375879980551122,0.027078634290544468,-0.009507257968449534,0.019967173481343803,0.01610653430663489
2025-04-14,0.008032188377565586,0.015725937592747874,-0.005733828747514713,0.028592486277856377,0.026645161928190664,0.015320695695685727,0.012116910297280237,0.021365954838524548,-0.0031766745840312582,0.016923470614424785,0.020027717335267647,0.008938565953400479,-0.0019312718274980822,0.012710791629317653,0.010322326097371715,0.01716307612211554,0.025868886648147127,0.025632724089677872,0.017538911339740837,0.009577375022860934,0.022113710560376143,0.016934975525552787,0.008220530108731916,0.009629164296415249,0.00615385658720613,0.009918811936380667,0.009955885974932022,0.011210985774599891,0.017769854212144498,0.019698309385694834,-0.013683389313805416,0.022458558929703498,0.01447701351943409,0.0011769938379215805,0.019294539970717173,0.020170660565259402,0.013959483925629845,0.02488604148383411,0.014866974329138305,0.006251134089014565,-0.00626586093109649,0.024035071741556058,0.01666004650958519,0.019367026088675132,0.005316374639835697,0.02156716718831353,0.021708587588720185,0.00275013427621551,0.01705670287473926,0.009156462786327868,0.017629714508667904,0.003482078362237795,0.017475191115343236,0.017215991745764603,0.011293175199877492,0.010593478462160855,0.02190935858513665,0.02630775601390667,-0.005112632913310322,0.01581450880188351,-0.0022167237759235237,-0.0005197403883830942,0.01386673187238352,0.01888932111739461,0.0179925651175874,0.022322734407170364,0.006535951699438103,0.02329373964925474,0.008980444726333081,0.005338993688029703,0.0094384861311545,0.013002209075557936,0.019518934685273104
2025-04-15,-0.0044148126411514,-0.004423550292017686,0.005521373206320623,-0.006051869395020448,-0.021462757908437102,-0.004910550464291785,0.0041942675375037375,-0.013607771858670126,0.01848311123324331,0.009710960568596771,0.03599684947516879,-0.004983405600905488,0.0032249487405855426,-0.001696689500857218,-0.0025495478382269177,-0.011331699488892788,0.023530291627358535,0.01755776773935347,-0.012277202572942847,0.003684103496402358,0.0143298612703191,0.00015004013544839268,-0.0031097950172126465,0.0062760548628522095,-0.005719755897399259,0.014035157483399452,-0.00897961307803874,-0.009930864831019126,0.007459614507106638,0.0027798545166812794,-0.017937256829143933,0.01358387466926092,0.012868078495070767,0.004232286528902396,0.0077582801115934075,0.019011410464625733,-0.004334154673838908,0.0010013473857728439,0.00848106411176186,0.000575144494928459,-0.00677398711086008,0.013513462431015588,0.010666200760402367,-0.002201106443830647,0.009600715566489226,-0.00598627572567878,-0.0032898763973230327,0.007013740838465843,-0.02090007820997153,0.0121895209788494,0.009650769645824786,0.006876949678178201,0.005358588173586698,-0.006012668353430617,-0.004630297062987787,-0.008795292314062397,0.00045065429743051943,-0.011830746718245355,-0.004335963638651408,0.008303068614184284,0.008738756418728899,0.003510121700007085,-0.0018660105612230415,0.006056085893354268,0.01171202469115018,0.008568221509616336,-0.019480444707760003,-0.004704144471365801,0.011256517754988593,0.001879531248974109,0.02282093913621952,-0.014133261696324118,-0.002621759963807646
2025-04-16,-0.0008652588345972045,-0.006387182686036663,-0.011958430751705107,-0.017956610338836443,-0.008642274673594463,-0.0015420753436922174,-0.027747439064493506,-0.016591433278948964,-0.020572567534263064,-0.019157652269853,-0.017372948678284872,-0.023372295049614467,-0.026231130273087433,-0.025505407017001547,-0.022189770495001038,-0.006107213220055696,-0.031151669706988794,-0.0346650932800604,0.0009481023273296696,9.178377031915375e-05,-0.01772857401013872,-0.00915026930639351,-0.005630090844183533,-0.021279144876757083,-0.019137668566287513,-0.01940291329521271,-0.0064313275996750185,-0.01867911063349137,-0.02063130249950007,-0.012780158799520547,-0.020547892752163177,-0.01910465354287927,-0.012786048453980459,-0.015218881236742754,-0.017405378600332977,-0.009701485724866399,-8.532259197091552e-05,-0.00944043963940111,-0.03363911005663667,-0.011899932398647728,-0.015098892447988899,-0.012631624631776583,-0.02091526162570123,-0.010797654798060385,-0.007634644110233735,-0.02151477686493619,-0.01389076221132568,-0.005580895088318716,-0.0044757844870072505,-0.02336109724192348,-0.025172059456232354,-0.004323522176099992,-0.02022678160895497,-0.020611662182677182,-0.019838453832025427,-0.0035491795611308774,-0.014630340712830203,-0.016063084382298753,-0.028387069702148438,-0.0133814296435526,-0.029586773088388196,-0.019303088625066578,-0.014297556283730528,-0.021744529812067537,-0.015786122141707826,-0.013428323060270309,-0.025234114000306396,0.011295340202682969,-0.020968205388712025,-0.013340855924090289,-0.00867675078418162,0.0013165472619878216,-0.007427589979742688
2025-04-17,0.0020567487232656667,0.0009316747103060852,0.002099507465873174,-0.007093336870637956,-0.010340924466642587,0.002162287179333422,0.002892786640460443,-0.014511033624342584,0.012538923870068164,-0.006365634825811317,0.002142980638548231,0.0034188518237512344,0.008054864023421926,0.011550287125381198,0.003407899552763327,-0.013299681833978005,0.0078064576203227265,0.018518579291376902,0.001824074789742669,-0.004128980554407136,-0.00028188618521607367,0.0009840614349936327,0.004361269580411609,0.01693120539417614,0.016375308957017776,0.006389223336213945,0.00670306827201772,-0.0022579213964170064,-0.00042136851759266847,-0.0069011324736093504,0.08653841750375779,-0.007267459099283502,0.000247462843514068,-0.17427485977971646,0.02091973684719961,0.030143214564901655,0.005548403321156359,0.0012623009645322814,0.012658235592415634,-0.00029095731904604794,0.010234799681134055,0.01421470077899989,0.012934837156162837,0.0014084942472445405,0.0075960198463225215,-0.0019497771313876644,0.011854981908380413,0.010910141296331943,-0.04863392548761236,0.01223809431456746,0.007980707544268828,0.00836998511226561,0.0068349055128356095,0.00995087398606187,0.006979282513496665,-0.03518334462757999,0.005213201662416678,0.008618917528260717,0.012616173644710793,0.00730313449384834,0.009683927152462912,0.005944655204437099,-0.0023708029989755186,0.020469726476837202,0.02373826700289916,-0.0027777968667053177,0.008668161619803216,0.013387214258236968,0.010047667963463347,-0.005191244226876557,0.011409816551233298,0.005113311609989291,-0.011486432285193415
2025-04-21,-0.030031314556138056,-0.022989574327649365,-0.021690921500958082,-0.026988452813902053,-0.029828052899969704,-0.039607518098526584,-0.028866043795624297,-0.031191288590000865,-0.056396881568209545,-0.03501654911091323,-0.013098098602225328,-0.014764327157821167,-0.02412013074250996,-0.02486928464269622,-0.021786549982079628,-0.03241771122563042,-0.07799680958782962,-0.00885381254334594,-0.020343841286792674,-0.012346283890650178,-0.027080348353292205,-0.03418024829595301,-0.008379993301704025,0.0146832344118768,-0.0001713922156549863,-0.033913130723034146,-0.020175457109602557,-0.03839882786363591,-0.03282988474921267,-0.005750967733065826,0.024001067490833083,-0.024304524739693356,-0.03364952139169497,-0.028649553700558217,-0.01595716247443746,-0.01463059414395751,-0.030390460829457178,-0.02275594275267523,-0.026562506607926806,-0.018099302425688468,-0.01280395081026009,-0.033637031641186366,-0.052433062092068106,-0.02320684110544169,-0.015483365552001027,-0.027209004359062927,-0.029634729555032546,-0.013279453187146295,-0.03621575387581688,-0.026378410392283058,-0.024520454946454495,-0.021593913202404447,-0.021058419646240556,-0.017214041261280566,-0.026060438481287473,-0.030288242798185427,-0.014442308946350235,-0.02613848989454537,-0.011721313976850611,-0.011393119954315134,-0.019631400651600295,-0.01575846561208183,-0.030007785608889503,-0.007752967198403016,-0.013369527529040193,-0.016434545968641356,-0.029729441863606265,-0.02450560240721078,-0.010209416260352433,-0.0288521891257445,-0.01081745943963952,-0.021366341397324184,-0.016323935694840808
2025-04-22,0.03519318410173211,0.03181858111707947,0.02847073495984409,0.02757381948067472,0.03553537861051281,0.03717571023341204,0.03657317359623802,0.0353138822181851,0.03410517999621887,0.04086434775258607,0.03791977181474793,0.04034572143587467,0.030659057468897855,0.03889928493036998,0.02736124878128665,0.036501507393766675,0.039011831911394124,0.029669882451152096,0.038029933143401085,-0.0014925699255593505,0.038561807042981844,0.040948891963204836,0.020089945241250406,0.030515824482431286,0.08571428571428563,0.031884861988437097,0.041794316487058,0.02563447129342178,0.026462966378046904,0.03292194327211062,0.03600890035231563,0.039915987257158614,0.03849109137144291,0.05809985836939324,0.03715898881274282,0.03414996558782257,0.03957270449650685,0.03644456874907287,0.08266454304674808,0.023470842357695698,0.028822166144173877,0.02755623805355012,0.044206260568801614,0.02843782684807805,0.03536089198663728,0.04009198564965866,0.038210163102491146,0.0010802565490424243,0.0351249256664623,0.03838185531352356,0.009372338088650345,0.033360995248445935,0.028729183391510205,0.029730295908450888,0.03686307071778394,0.029796814081035405,0.028775007826062238,0.034479180590776703,0.01882720949499883,0.03614463555828018,0.030036706238703248,0.021747868348622745,0.03882052702287586,0.03981147460678769,0.028160067495601737,0.02917018897527801,0.03147819926606932,0.04695696202158661,0.03147307072622518,0.03530142252707935,0.03468211798661369,0.05227976497054021,0.028249161000713174
2025-04-23,-0.004733672151239765,0.001107982816810571,0.00012250347500275538,0.0112735145621905,0.0031444421485788965,0.004280521936953274,0.008981135569040566,0.0008411960486145453,0.022956912975199195,0.030584020774093057,0.011221340955350989,0.018836618216976353,0.018608384795838928,0.005996279020616946,0.011559399729719644,0.005444025728777557,0.016731988932438435,0.027110726796129025,-0.020418782863375062,-0.012379170666630968,0.018704637710191818,0.008273860045115544,-0.015363751986070096,0.036780356468641084,0.025263173956620033,0.022094481441609304,-0.0027995519759960175,0.015692119567468188,0.0036795705010383983,0.013113131296013103,0.0036653421045720336,0.012698384839651355,0.009122328716281825,0.00518282478209775,0.017923359915425596,0.017946880122313935,0.0026107726919497587,0.0019293286037391777,0.001482571614694006,0.003069309809522691,0.02245431353152494,0.02470005339037029,0.044290114613769305,0.0050169090527678595,0.005082192533949037,0.0020936338139572186,0.01573404917349097,-0.021671724109065038,-0.0023229777205002744,0.01748502428276244,-0.009415389016558251,0.020617255612046526,0.011143162228935743,0.013876508404451426,0.01633495941906804,-0.00018864943131069456,0.019164822093580947,0.013771007171575533,0.016932610656657188,0.012133478212044135,0.0041551688630865335,0.016583991079991867,0.008168595018569036,0.020038150272699617,0.027800670609666733,0.02201435513934391,0.005569759374191241,-0.008533987723384984,0.013076860774134946,0.008962016582866772,0.025819091000278682,0.005504572815123954,0.00307995620615098
2025-04-24,-0.0044319927860946295,0.006547997101759462,0.009797856451779552,0.01109532467267993,-0.0008138752692603557,0.0006676121421476111,0.004726057571454945,-0.01024862109078073,0.053496730357399214,0.02760043425689962,0.021419371398066378,0.01957581784881879,0.012736367181453545,0.026575829600549605,0.009168423363693945,-0.003722441696310863,0.05944884526404515,0.028054313968440825,-0.00875247045537042,0.005959675138342835,0.026034498398395778,0.0097724032499098,0.006845604172902586,0.04867959178273873,0.04656053348736244,0.02326988318588885,-0.0028355130011561425,-0.007117506315202249,0.006180729010721864,-0.18516817630978533,0.005792731848786925,0.019663711667488037,0.009202646920832835,0.004180599866377754,0.030341391938675244,0.02609310112053964,0.0015959074557696518,0.01236100909292115,0.04145076645098289,-0.0038682015275551818,0.01560937363149928,0.02410466683264678,0.0602940391616289,0.001160907156144475,0.010282847694595976,0.020451732664482636,0.021821161492165286,0.0027575218078050856,-0.00036516880349402037,0.029293958724891267,-0.005267990886186347,0.02310399512664474,0.016870716566047328,0.019867578873952185,0.012965926733736532,0.0006037229698332425,0.014865613896519525,0.024018170634585,0.03698363100309443,0.025974047256299704,0.01426142069188785,0.019653139750755555,0.02345657170421922,0.02397107060592596,0.04027242147934218,0.020463149033747907,0.033002420629049345,0.0050950606050463865,0.013667522473094218,0.004007507448482217,0.023844445919829704,0.00715901381731876,-0.05717262185048022
2025-04-25,-0.01541800426136064,-0.010995074523202697,-0.014918131343889418,-0.012215964957910108,-0.02781125440727794,-0.010007186264627155,-0.01717012145304475,-0.07998899511267299,0.000599909445030411,-0.00938954724026897,0.002779093569150737,-0.0015999711233779523,-0.0008892237517624801,-0.009353228260328694,-0.001279047206841466,-0.02819295481366879,-0.012560321922489903,0.0039613024673152974,-0.010248278895168439,0.004278745972577713,-0.010149519422831377,-0.01233742138707139,0.011509040455265795,-0.012537257478959174,0.028302371171119445,0.00043488186799534034,-0.0057434289560511775,-0.11469675243489919,-0.008595094535251424,0.003561361812036923,-0.007637370337875038,-0.01397432074413818,-0.007746891518589649,0.005828537027115832,-0.0009351003888865561,-0.010309306331186652,-0.0040254570877550355,0.0015339225949237978,-0.009950194751205288,-0.009331179003875811,-0.004455479890550507,-0.010087417657861253,0.003355386350178513,-0.011247688712844761,-0.003697832560144665,-0.0021838609780088225,-0.008832072091203402,0.0037123612302980558,0.0012787667643012757,0.003546728237670216,0.00897099117197886,-0.010463528819687373,0.008295408792486247,-0.008766279663455223,-0.02053329807721649,-0.0006787641565094704,-0.008075075343554339,-0.010862278987231022,0.008800366286343397,-0.012658284935150754,0.0008014592670539944,0.007054729159087669,-0.002618129340201669,-0.0021697195221140886,-0.00963018297613627,-0.006068745045087254,-0.012064261525712383,-0.004761856569796996,-0.0032460044157678336,-0.00160849643053107,0.0024440809777999117,-0.01770037477030406,-0.01586009130184174
2025-04-28,0.005624196454721009,0.005095442715181475,0.008741685658151033,0.007650760054757733,0.004685108561466089,0.012959447887605169,0.005236734367454199,0.022688685361639926,0.02218896619505828,0.0005288003234034111,0.0022675989071438973,0.0005341439457504649,0.0033058122210578578,0.006665270534232937,-3.770440413874976e-05,0.0038447447566929416,0.0125065852895474,-0.0021920402584685306,0.010999274427075045,-0.00655458551658783,0.007555281154955962,0.016306281086744034,0.006083456975685131,0.0021891071229165338,-0.020845235307719978,-0.016054446627121965,0.005323530837617829,-0.04012717779835051,-0.0036987869348107383,0.0028164254122571286,-0.016149414513472626,0.01303861530062611,0.005204895538293064,0.025248266613754344,0.0028265022723921174,0.012499980769774766,0.01389358935881968,0.0015315732800638138,0.0007178017612512466,-0.0051482175661263785,-0.0013549459903910988,0.010190210567881053,0.0026401482625491024,0.008091969238053442,0.001893247736752146,0.0026446887994313606,0.009974762317042085,-0.0016895281276440022,0.005564683406930282,-0.00155157932279415,-0.0007657910961689218,0.00794555231731886,-0.0034501227594969652,0.010044781519689128,0.005581356323285824,0.017244555283181917,0.00750970044300181,0.0068999299180114715,-0.006274809545360971,0.00887569966636792,0.0015287522548761423,0.003002193048596169,-0.0013124691190762316,0.0021744374414804923,0.014585737787944364,0.01778616074172601,0.0032791047985314403,0.009453522300515216,0.0065130539327589165,0.006981532728704831,-0.004302412939890865,0.0029795774816181453,0.003209908507123549
2025-04-29,0.013159303828434998,0.0010138655913194405,0.0008543954560054079,0.009672915128610349,-0.020598444547312855,0.017296883860204115,0.0069815441255252075,0.018720682018600998,0.008726942447121688,0.007812685839682976,0.005279157557228409,0.0010678208175400883,0.014320076048362385,0.007420099411429737,0.006836939891740501,-0.05997561657006556,-0.00029950998932071204,0.008787310789383662,0.009816498699936949,0.022904003743972723,0.005623944361033306,0.029292819850524898,0.016572022088553462,-0.00027308246915036527,0.004189606822485592,0.02332265035055814,0.011999013548917636,0.024443673394686005,0.013738453216766366,0.04077961330458768,0.00833540868908278,0.011751527863395062,0.002993602812646712,0.031220574539487345,0.004611904353221341,0.004115264125980733,0.015031962243303942,0.01743332870383707,0.001434781812755359,0.020346835357805793,0.005756073962934316,0.0047074095853798514,0.003686474727721434,0.007910663310530808,0.009710195768363183,0.016417256168169025,0.006320686057377456,0.013996267027171383,0.006985363509180775,0.003280609644965793,0.010300092604006217,0.00705307018247181,0.011185148400736367,0.01664684948309203,0.009746745244172406,0.024964864776102935,0.005950593444101315,0.004053663882199299,0.021407660297479314,0.002932601108994959,0.0037796611546236925,0.013469717263375092,0.025846409791762337,0.010962673295224379,0.004983777594743,0.010954590870182912,0.0014650700627705238,0.009326804433573255,0.007964209913804643,0.011881055223118553,0.02405301262060555,0.008346211375122481,-0.002012230898573275
2025-04-30,-0.018508486803434754,0.0007367062976839645,-0.0058536969531219896,-0.00726239126474193,0.011193702099907554,-0.0020121424249447406,-0.0013357580735429142,0.013975463657436293,-0.007779083643184137,-0.002284456939052326,-0.002750696525833929,0.0005333924616546248,0.0046227229179136575,-0.006800535489511428,-0.0024692880373630155,0.024168908792908006,-0.01370365931009565,-0.007258990755103167,0.003965517869195301,0.021884358135057624,-0.006463718866756452,-0.004576315929568309,0.017330006158253086,-0.015403148722524573,-0.01571826234131246,0.0034541098448341856,-0.0012803639447678261,0.007869112852941562,0.008187429012432412,-0.003885725014854069,0.0031793946133116258,-0.006084110771732987,-0.005081935422269868,-0.004175901445969132,-0.0024958377561307143,-0.007513686053649993,0.003681873956391968,0.009859921251984094,-0.0021489853790748192,-0.00046105257084450013,0.0,-0.006693371677884863,-0.0006996511300234598,0.002192976658712764,0.015527729388787881,0.013691320286834063,-0.01373978241028262,-0.0004511332616713437,0.015630636129293274,0.0011710295430999995,0.008603750431762203,-0.0008828440280234107,0.003555389561007871,-0.0007442515553918172,-0.00589881529956926,0.019651815887850255,0.0005603756816336958,-0.01268865096079852,-0.0072376863561876,-0.005360604807211455,-0.0076757421031353745,0.0017229254769739466,0.016857815626446948,-0.004857097200880567,-0.009155035148612711,-0.010835888148797768,-0.0034886582707491787,0.0003031271183067119,-0.003950641220924811,0.011653836803858564,-0.0012658103565340584,0.005752007241206281,0.01735258302202225
2025-05-01,-0.011138091451603382,-0.04747886960961423,-0.008341464428891276,-0.005759058063885436,-0.009510703737154347,-0.005796650286721827,-0.0010402764380409435,-0.009160348154473197,0.010331244061125178,0.00799530256881864,0.0072716814696580645,-0.0010661131358064013,0.0062181317899330235,0.002056331124074884,-0.005663421530707868,-0.014285735008198186,0.012755239466587742,-0.0035098291072664933,-0.009752440430288445,-0.0026600375553328393,0.010843088438519999,0.004525459181383695,0.00010832074846867101,-0.00022180842138297407,-0.007836740808683462,-0.00835971743406605,-0.05977756177613447,-0.020885590140972132,-0.005390769384076122,-0.008397914017714947,-0.014832626432289886,0.004173611351331763,-0.045565092364706516,0.003538157508188755,0.011469362679749961,0.00619407172183517,-0.0067661166883806745,0.017086368942565988,-0.0007179405473612954,0.002652407515922439,0.00927967082499892,0.010107809866435113,0.0019252874005182274,-0.005988781081255001,-0.0026091900196171247,-0.002780784950763504,0.005307038967369282,0.01074060152454015,-0.006519719753157793,0.011609807559723961,0.0017610632828133355,0.0064797593659131625,-0.0009184611186968672,0.01021487772225127,-0.001078951530097516,-0.01448137422488549,0.0018669677465914525,-0.009541379803693295,-0.0065308733246965955,0.004899515816225497,0.004889198498532199,0.0013512779077768933,-0.0022397776364023736,0.0071509470414738985,0.006929718174921051,0.0065205489948569895,-0.00485599983302154,-0.010146576484672654,0.00396631069143738,-0.008827724448229657,0.011265968133790327,-0.007113968866623743,-0.004678426778056299
2025-05-02,0.03133718351029757,0.019416538962357066,0.0348837716768271,0.028127104936285008,0.04231200653689404,0.010444184100782739,0.02964742004637344,0.013398166184763749,-0.018275461667350723,0.03094507129080637,0.02240483761393075,0.07043753058169777,0.015202022887993882,0.014255409094817928,0.018048785766052733,0.014217586365558255,0.030212150818928807,0.03595540288111376,0.014190366382210051,0.023416629078997886,0.03647091919982404,0.02674491118455391,0.012053056593286371,0.04222616635788934,0.018032735067023742,0.023802860130365255,0.03263385383330375,0.03753593396320554,0.010863171880534761,0.007376192838007167,0.014798638085268712,0.027985544206078794,0.03491337083689028,0.029642183544806633,0.022154745415467136,0.031463751624631,0.03135260766256254,0.015277499158170782,0.03520116708533805,0.0014951903024693625,0.022763209880438007,0.03335554801743301,0.02131193101051987,0.02085508290179172,0.023343046762243747,0.028526549080970964,0.026923595416035395,0.007634876227816223,0.01468747002737869,0.029633427724981454,0.017854934445946435,0.026044664757005842,0.026792738632691382,0.02717500692156083,0.03726205754368683,0.018547782180521333,0.028262548218634276,0.01857859461922584,0.02797728327785176,0.02632859605410731,0.02940957080847051,0.019629486447659605,0.01541299929411677,0.02028622400817537,0.03574842646645582,0.022803892633638023,0.040058980394249266,0.02279594200703916,0.023950589796403632,0.015038655078727148,0.0277121147442283,0.020089968014278092,0.018638307761833506
2025-05-05,0.001081298340086967,0.002084752252296429,-0.007291455525238244,-0.0027408154303010246,0.011417119463446923,0.004766608949968276,-0.004286794448490561,-0.002133360745613988,-0.010268222863184073,0.0042622506969021146,0.001217395204042182,-0.002492509554282596,0.00048698460950302724,-0.009330544339202329,-0.05122260838121939,-0.0015374727546313416,-0.00953280145574753,0.0029987018154102874,0.0018098535313439967,0.02332257959067019,0.0015523300446333987,0.00215900746810882,0.007523585470281313,0.0003726022288654818,-0.026984819094030166,-0.006569136918732399,-0.0029565408122113057,-0.009140530302713001,-0.0033827213227520803,0.006129006415031224,-0.00684754842269264,0.0048518220995796835,-0.0027908084896564045,0.005072985686302323,-0.011552739305968784,-0.0039787524794150375,0.000397877563679927,0.0030556373691192906,-0.005551670042434509,-0.01079526890956406,0.00019800653986279393,0.00451911647405101,-0.018301507158724584,-0.017591655882262414,0.0030926195024008063,-0.00015059653399018824,-0.005140619039462946,0.004962859794783947,-0.0031676975809826757,-0.0051572345723388535,-0.009733458705090126,0.0006844850836880134,0.00012794444763675195,-0.0035890041837047804,-0.0035143390951647424,-0.0022983696375558083,0.0009665559296767601,-0.009168215728758033,0.019333775922950824,0.0028504046821042905,0.0026101241283027488,0.003128415228834225,-0.0014212362631178532,0.0004418926075340224,0.0059391181974861595,-0.003040304602402566,-0.002400466981069993,0.0004862203569451218,-0.00024115707779748252,0.002991925617468194,0.0006774192374798815,-0.0016526849218636563,-0.008908276143612892
2025-05-06,0.004536597112103635,0.0014184516526198898,-0.006261290871314995,0.006820035668491098,0.010183405025717462,0.009038698954129565,-0.010711079059575468,0.006863772563040493,-0.034855938335520364,-0.009567381461921931,-0.006809310381188927,0.0029985432002725965,0.008882980703610599,-0.006040055561365665,0.00035144521566143894,-0.00018116581377569663,-0.015502171779368079,-0.010962367119654703,0.004064946261047808,0.007122239255469731,-0.013174847160814629,0.00715821492055424,0.001486428366521464,-0.011655042798266124,-0.01258773612670705,-0.005698424842513594,-0.007916858924371328,0.00027695601666244407,-0.007550379952257269,-0.0029649760202578035,-0.03102661861974987,-0.017435643504044473,-0.009465770621884362,0.00037849075387352826,-0.018228616279120757,-0.009320947982836114,0.006920693963239799,0.006954821362239461,-0.01046756085514311,-0.0014511377716296403,-0.01310579008031243,-0.016709536792728352,-0.009931179775935384,0.002541638783700284,-0.003795988204568723,-0.0037875238595578287,-0.005491849300549467,0.009171098745561101,0.0005737282951023825,-0.010618701164458733,-0.009520221293085496,-0.016416755732277966,-0.0014068173627475034,-0.0028814977810545095,-0.002873515214615985,0.00531614008391057,-0.013095945738750503,-0.007694532797106968,-0.007149078745613546,-0.018948381726654917,-0.007106323752464672,-0.006477115498614072,-0.00808459489182356,0.0019873838794355336,-0.014760133317333168,-0.009656893202452888,-0.013890304444855173,0.001906138758700715,-0.011577401675483157,-0.0026962040610264415,-0.005010048975511383,0.0023451529579971986,-0.005625881688336554
2025-05-07,-0.0033333070816532473,0.010009415905273489,-0.01017811397428292,-0.0038419128593885077,0.003783964379751703,0.009947598212186826,0.010806004480693465,0.00500100182032881,0.00023198685431502497,0.003159344932559982,0.0022037462276525144,0.019431925106083936,0.012543640576488047,0.005890867659676946,0.011496405474614946,0.007519466741674696,0.015970144698868927,0.01122785037557228,0.004948071542495658,0.0039001730445507032,-0.0031413332326732935,0.0019321734149209124,0.006502193182025051,0.0045231753078067705,-0.001676072081251867,-0.0013485011182794437,-0.007428680733038262,0.0052343378717258915,0.02414969968468572,-0.014922922694658447,-0.005007199686978048,0.0021839402215715342,0.005152054289671915,-0.004919193979726844,0.004659967003391774,0.005376350350221992,0.00948014199637659,0.007648850991198719,0.010578289746811187,-0.002150993668842194,0.0005616819825633446,-0.0045752360108717305,0.02252525466457822,0.01209953949290643,0.013130873510617258,0.010692943534430954,0.004187381608107055,-0.0032331934414578933,0.005337480062443278,0.006507197085704242,0.013757222356429732,0.007128417622962235,0.006275542634728071,0.010837100747836725,0.015850181320826273,0.009589010871922543,0.0027517700214105822,-0.006380006345805156,0.009404839984528124,0.0033800824589906853,0.014739286216780556,0.014246044913712952,0.007771880401095332,0.008264511096021998,0.006928818751165355,-0.006671844482997069,0.01397505911858632,0.003021818759237682,0.007808640543247813,0.0061835451323186685,-0.004082842404976694,0.005780363952291312,-0.004974745079523002
2025-05-08,0.020174722925156985,-0.006170496988518903,0.0015913826862257174,-0.011113402650098747,-0.003180650578531008,-0.007105444446973919,0.017054934307864755,-0.007255687368741159,0.02976663557256276,0.02686078558109628,0.016369362768880125,0.01857289930315842,0.0184634080774706,0.0089965565400838,-0.009590465408698345,0.00287747198488697,0.02695753037607518,0.019786468180049033,-0.005026999593351178,-0.026000070225739247,0.02415961461942584,0.010123899119401258,-0.00993612575160574,0.015813452528584238,0.05056981361857815,0.0034678682266267025,0.015085525058496918,-0.011240561364697421,0.01883228492562461,-0.004391037054928937,0.031916325913940335,0.0149822889117599,0.0022322057905230785,0.008619566407984669,0.024967417060623776,0.01737973147784011,0.0033652646918529427,-0.00033991846636971523,0.02930911642955647,0.045266544343053106,0.01635992536669728,0.022324371314509595,0.02168494990108183,0.0015939796474433443,0.0013949075689174695,0.008121965348442117,0.01107634216552933,-0.008328190279480618,0.0022815541455687427,0.02334171968861054,0.009607916319499088,0.02175155124012962,0.005472841804228024,0.02532156396713714,0.016634321710675026,-0.008589983860066597,0.016770338283025987,0.023510797492362734,0.026059118531175596,0.025023988481071235,0.016340751066904913,0.004285211505959063,0.0037570622134992515,0.027978122802045036,0.031430139712133265,0.02195820178690111,0.013563867537855323,0.007290102115226071,0.02033899096491032,0.0040587588613876235,0.001776400954639934,-0.0049261679929683,0.0102935113108793
2025-05-09,-0.00021147042705893515,-0.00310447637968847,0.0072109609380894835,0.0043106609677530106,-0.0008568062933885789,9.875080608656717e-05,0.0065030525067100164,-0.007812657561499181,-0.0054809110876467,0.0029965821296797923,0.0045673480915853215,0.004798439379827268,0.004795364469115437,-0.005599587966317099,0.0009546814113492452,-0.001882899385578063,-0.0030040639173124495,-0.002652183738484304,0.0031491284848434997,0.015648318286007434,0.0030768956893529875,0.0077044032727047185,0.00836909150348042,-0.009182155578290163,-0.034769940318553294,0.0009480627199767167,0.002390533424356134,-0.015854446234677466,0.013668069034071584,0.014774838434247428,0.005390076532592714,0.0024154938699987305,0.005856621021328445,0.011687854598425584,0.0024747195948500167,0.0,-0.005381886357770371,0.010540101866294505,0.005423699311578156,0.008583213505857668,-0.0015386136000231643,-0.005138070397528782,-0.0054746496253844645,0.004888021851291446,0.0026802432365939932,-0.002120139601841653,0.0033509749774727204,0.021437355304247063,-0.006916721196538078,-0.0014768650248778714,-0.002544839184203007,-0.0023090657343943777,0.0026581697717882324,0.0016928685740238425,0.0007611733385870512,0.002078090883303574,-0.0017392988278288612,-0.00019305646942746613,-0.0031214700656151395,-0.006572730308763597,-0.0011680849528569182,0.004399465996852481,0.0002364709808064802,-0.0026578934017595923,0.003065308085989038,-0.0007685090494505831,0.0008632913399626574,-0.003950994005731734,-0.0028475994744667776,0.0036155083876279193,-0.006309136051334541,-0.003162775428772635,-0.0003234565715741766
2025-05-12,0.0009519392534280691,-0.003774660971144983,0.012862550293197161,0.03249704789324537,-0.020403310122881324,-0.0007402174285604524,0.047827986463583105,-0.0021167305952151105,0.0829683686483198,0.05064850797034537,0.03756880337179447,0.035816617058984646,0.013851644293859655,0.0374577647733676,0.0010900408168308395,-0.0036880097100637776,0.06894325742471619,0.04842556839258627,-0.0007934696510755179,-0.04570373004976447,0.0631390922326931,0.014885006967496395,-0.04881310854393006,0.06492332717315774,0.03963472609969387,0.06837973753708626,-0.0006896355190789683,0.012089436200724002,0.003915409656884528,0.014939967895780892,0.006893000822771667,0.05060252138207644,-0.010004925677453147,0.03279493732362293,0.04274396389423285,0.04664915006024328,0.008782953646526925,-0.02742106658453236,0.05124751999743449,0.0038682509049943192,0.02754058594490716,0.06262095530029854,0.062131529605052416,0.009841630688559144,0.016935151650849356,0.03482266091329089,0.03583816275159979,-0.05625511701529451,0.0007934435571455012,0.044042734139353445,0.022297642042148125,0.04261929654297236,0.0194420168976579,0.05030325802150171,0.0354878950850408,-0.014973160809373498,0.05142992930204526,0.03629692582671762,0.029177275263790214,0.05151226121507313,0.04271871181579345,0.010654688207324403,0.02093628318648011,0.023345044518805702,0.08502605521155315,0.054088713179637926,0.04690531348453031,-0.00626501074991781,0.04735834973545505,0.009389070914395337,0.03354037829583012,-0.004000573768874305,-0.005209266468766405
2025-05-13,-0.01278663341004116,-0.005115074646008688,0.0020366252572772137,0.0018804784428410048,0.004286369109934629,0.00034566039838845874,0.007698037624698895,0.004242441295719157,0.011293210463328762,0.01130727843359458,0.021217661316535796,-0.0050714885896855355,0.009529297882838517,0.0012003580963710903,-0.004705391731664621,-0.015709691762410105,-0.002684522795197153,0.008810519295818331,-0.014914577646297666,-0.003346555041224719,0.0067323582175906616,-0.00960006942571101,-0.007875213491531308,0.005451367936827989,0.23974516158248993,0.014728154256065995,-0.004744088425519322,0.005343115941441212,-0.01088962512753866,0.022374438025404064,-0.015212862958459805,0.004841958315783712,-0.0052187503325416,-0.004570485144197112,0.02108757858285215,0.010043892866916426,-0.005519253971787097,-0.0034594796198833544,0.003848599911346451,-0.01827594043523273,0.011382516660059405,0.009720740499473024,0.013416389464928624,-0.007617347875620628,-0.0029052045221764633,-0.004845379211519618,0.006448465729126607,-0.022742891780077823,-0.014359311652047735,0.018023048866074864,-0.008963564756232278,0.009745545328733396,0.010154789336812575,0.014103130061286384,0.0,0.008349646555921852,0.014457135881696503,0.0004657903206584102,-0.00027654050257996943,0.008539311380382442,0.00963181364718002,0.009956641053934234,-0.005382308971147998,0.018541688562291325,0.01656726292061217,0.005593374226913861,0.0010300359994874775,-0.011713811206318314,0.00817998723676272,0.002477072731583485,0.014823726643511614,-0.007202197004566924,-0.010570457654601628
2025-05-14,-0.027510166401164993,-0.010758829134253078,-0.020923004411131596,-0.030427229280674983,-0.009197435074495997,-0.009725558729889783,0.0038099260317658867,-0.008026603330968607,-0.0057213525453907454,-0.0072775336459929285,0.01038854281884527,0.019925915365666347,0.00011375112243561247,0.008215364790701507,-0.016566404050631922,-0.006879471868408871,-0.0012113588639082185,-0.0037051578725366685,-0.013843556146709846,-0.031082702385627603,-0.006687336671595934,-0.01521267049867181,-0.007676782263587145,-0.018901607827899958,0.025340638070424193,-0.005805753666848323,-0.01487792571801827,0.0004173685081152456,0.01869617824364389,-0.005968583191876653,0.004763113589288714,-0.0015217383877030866,-0.006744940578238712,0.004833219210134354,0.012901376263288133,0.0,-0.013992072037375736,-0.005207100968842693,0.00259067117487799,-0.002411062769688832,0.009999660720175552,-0.0018050992804604649,0.01678484813086145,-0.013771243134049316,-0.00574064309895439,-0.011656689175268187,-0.01490890413096535,-0.01083841989284784,-0.005630825139954054,0.013065226925963458,0.004806100105260391,-0.005844485065719329,-0.006252296327264983,-0.007000149381843901,-0.008078294281595899,-0.015640994144863418,0.0018025535200762999,-0.010055868815325608,0.005394928547644673,0.0,-0.005554103999106941,0.010902371005540479,-0.007040760110562871,-0.0007159347105266667,-0.004237322908152041,-0.0029020298987403326,0.0013375416430183584,-0.008795129897507747,-0.0031552717220147963,0.0008984578915023356,0.0038163037725995608,-0.00920764727423451,-0.0027612548908332313
2025-05-15,0.029609273380147627,0.018094306852160402,0.016363478337750204,0.016251475106339175,0.026210350506876257,0.023331223419538638,-0.004063862569513854,0.018085273678697167,-0.001733225527823734,-0.0018327211009743216,-0.008046493481387418,0.007723739054397605,0.016488479736037176,0.01656567586934754,0.007806898536811158,0.021150835748862118,-0.01125184065185314,0.008898899731679233,0.037920188801617405,0.026272657904850227,0.003125777053096357,0.020505819016148452,0.028992048071702303,0.001318102410597044,-0.07201701133961869,-0.015733127783487455,0.008475116271077665,0.02372541598269562,0.020744984323923132,-0.16185608147450725,0.008456124644243834,0.0030481152093304598,0.01081493091782093,-0.002164537824051349,0.00703086246035145,0.0006215496526462694,0.024655184370681926,0.016924544874616698,-0.010335907761208851,0.015288614873346873,0.006964179306405693,-0.0066305887089521676,-0.02627295529504703,0.016481526322738915,0.015559556332524815,0.017284163533162644,0.006379013829864499,0.012854536304972353,0.021257521473637908,0.011217958608203737,0.015584719285293147,0.00846763779602644,0.0027140157585880953,0.01015128711040747,0.0046890068785918615,0.010712789573748216,0.009052575513629701,0.006395812386984279,-0.015272435411265661,0.0008912233633822098,0.004993759435283129,0.010899459710040915,0.014337661847471761,0.005014818905472396,-0.009983581192930191,-0.0012126907013260135,0.0033908788672034618,0.03164623361122376,0.00791319103518151,0.016383315036426982,-0.009045653545468157,0.023655271676797707,0.021887552287692902
2025-05-16,0.011225095275672503,0.009831775519287156,0.013216293392830147,0.01428712840645252,0.011706259871484548,0.01846343845249132,0.008776821606645502,0.009286419375475141,0.00250895821019137,0.0005675658147050733,0.0069850803152813334,0.00901708554104208,0.007607118355731135,0.006744130904071444,0.0137583252933422,0.010944275607743137,-0.0003407362981793227,-0.0031595295769111242,0.0078068785296889764,0.00825954898072001,0.0023968952827229106,0.010448802410447433,0.008357698812689218,-0.0014176680612120185,0.09008341021821997,0.004521780371697259,0.012184046483907363,0.015975669515338797,0.008329659566440162,0.04731979229713579,0.014610524810588776,0.003798321876637978,0.012440924996951042,-0.00735111610175565,0.005082036324190353,0.004968949598825212,0.01446802528600366,0.008006820988259333,0.00783289085832184,0.011293752305072235,0.00026171927438078946,0.00910193598353115,0.0020694216610437355,0.006530883481900007,0.0018550619498436394,0.00516048818338688,0.004598592478152641,0.011614250621121647,0.01826260251788825,-0.002490392006149089,-0.002423274845164247,0.004011149893388799,0.007628033174924775,0.004001121034554744,0.0015967443599409492,0.01735730413309633,-0.0002229385011985885,0.003084112966062147,0.008523132778435416,0.005788094378855746,0.006080440169820012,0.006582701475847497,0.006123825773129532,0.0009165618094291172,0.00512477351615126,0.005342428826438761,0.004198675316274603,0.010077614258019896,0.007626644131237148,0.007783625225596724,0.007805318109129322,0.007978036332891847,0.006193301628916181
2025-05-19,0.006026084642001495,-0.0036510467439985206,0.0001185958038549817,0.005486091362625789,0.004616744203583378,0.004257172937062181,-0.003567944075580143,0.008399585307682145,-0.008551138479242715,-0.0014014200185127335,0.001790138943769115,-0.007596045950228558,0.0028866674487777466,0.003991014250788183,-0.003733123834400165,0.0020578273583393702,-0.008520790906635267,0.005414633202657004,0.0008493867815217993,0.015659682107521,-0.005738829878548124,0.0005964821594648395,0.005972012398741455,0.0009633741628980452,-0.009269688883554394,-5.731123843633057e-05,-0.0014651208564701035,-0.003289327106748563,-0.006190353766076462,0.0148805692610392,0.014024656891146403,-0.0032795197559629674,0.0011468270637655653,-0.0184533969353613,-0.010872002604072506,-0.0037082561486878607,0.004194696252277641,0.0028368646569025824,-0.007124330289296266,0.008868437488241954,-0.010016423372304017,-0.008418538705591172,-0.003256581867674524,0.0003355756574494606,0.005366108370672862,0.00654533083857789,0.0004948770830286442,0.015786373192113512,0.0019447553888636282,-0.010137663883651782,0.0007515531315851476,-0.0020774419933485833,0.0007325179667341253,0.0008340784234528442,-0.003065672507873929,0.007726442377224085,-0.004347334674267511,0.006056114291341341,0.0019395869916392083,-0.002213306613274346,-0.0004549432574434409,0.006088633449797154,0.003483581206685571,-0.00010179037702551241,-0.012335526470579894,0.0,-0.001019768091282125,0.003325615075285393,-0.0028939175099996772,0.007613931903139415,-0.0015752526398176148,0.007369032870716552,0.006379704899886596
2025-05-20,-0.010193370989637351,-0.007610613932227617,-0.003082761506839282,-0.0137141522397628,-0.0101507696344042,-0.008716400723514983,-0.006414628616307372,-0.006932263367307456,-0.023280326134279217,-0.010457577271370089,-0.0017869400727547058,-0.0018010160251770158,-0.0025462565290740313,0.004075863448756323,-0.007123527605366942,0.004017829895019531,-0.008594018743395382,-0.003021092024651728,-0.008894002432662806,0.007352586201855527,-0.006734068823080586,-0.005167243912176822,-0.0002519295664936694,-0.007395767544089216,-0.009886683011144926,-0.022737765143109545,-0.00017262006884788406,-0.010168705197699413,-0.0004889668044929518,-0.019333122172525363,-0.004692566101994644,-0.01113639771070385,-0.00016361795014674385,-0.013852737873209842,-0.009439734823083468,-0.011166354737455197,-0.003493602818338881,-0.002602567076738782,-0.01108937228571416,0.009387448178490132,0.0030202687598119837,-0.012128438171312372,-0.010757817332873287,-0.00547977112350162,-0.0090380246511641,-0.010384100397807572,-0.006677394549119975,0.014902902015535346,-0.004442713921525954,-0.0130693327953183,-0.002514629145226488,-0.008540577301734853,-0.0015861005820837493,-0.006204233911692669,-0.009471125297545235,-0.00905492245628392,-0.006493527015633216,-0.007127469768623884,0.0040099684285273,-0.012866047841310402,-0.007736858815812875,-0.0005603838381333937,-0.0025560294127080496,-0.00549450334648427,-0.003497070560211646,-0.017391333192416814,-0.008881220562730996,-0.0030232704540107402,-0.008484098654825134,-0.002881211133947459,-0.007099670429404736,-0.003657511635619115,-0.0037589762011465133
2025-05-21,-0.014226605080711718,-0.014280274056797548,-0.01724551558032883,-0.03997000785457672,-0.00822725214378639,-0.013501748994772744,-0.014974309221414517,-0.012057487530003574,-0.06181349002339809,-0.03433845440593264,-0.0322219858152375,-0.02525928140061806,-0.013318501315922382,-0.02493707706210302,-0.003361228698161356,-0.012983540454382214,-0.046532535347324266,-0.03267461537649652,-0.005274620058963397,0.009599213449442257,-0.04019370164836489,-0.024305736572939662,0.013927360244808451,-0.04603217097650114,-0.009143831218111131,-0.03764336202133234,-0.020085783977951355,-0.04046953987299451,-0.01244257977802321,-0.022005148634059113,-0.017742013116738953,-0.03788073580138618,-0.01628612332153856,-0.05029482587878498,-0.02153270191749801,-0.03889587509117465,-0.012117988823684644,-0.008905716825369447,-0.03430075919018705,-0.01634233797431206,-0.017464556463238634,-0.041743476931056955,-0.051393566012454595,-0.013493746731195078,-0.019910185018106485,-0.029179226965710847,-0.03025022096086105,-0.010318539006479721,-0.007798635547842214,-0.02966004558375468,-0.01945002006153629,-0.03117263203649656,-0.014542338283345502,-0.018449538566440937,-0.03936420500224014,-0.016209783502226904,-0.029355372889890763,-0.03844337006929588,-0.013221306657526632,-0.04179772310472096,-0.02725714519570499,-0.017941225259541005,-0.02422839055043713,-0.022610940217547726,-0.04344917225085687,-0.03834811606657074,-0.02059944558702609,-0.009352910395175273,-0.03422651744175442,-0.023279927571081438,-0.030852678829853653,-0.004758751312188392,-0.006107330774044795
2025-05-22,-0.00947762270198893,-0.010527370655273871,-0.007382345635788545,0.002024563076337138,-0.006073504983388656,-0.013589233642559373,-0.005693386464840189,-0.007624451223098072,0.000994833869749634,0.004125781566994613,0.0013873281410334837,0.0,0.0031495925139592984,-0.0030118171818392936,-0.006824036967059688,-0.005045477695036049,-0.004073116553993117,0.0,-0.011466210783962927,0.0008325042499368607,0.0032795426366525327,-0.008326545237008931,0.0009228533349814327,0.00871986067745234,0.050040628832519696,-0.005701204625571665,-0.012421845363085549,-0.014774373889180459,-0.000689195676823906,-0.005424761904761932,-0.010483763661179646,-0.002128267622921176,-0.0053244726562711175,0.0,0.008037603631536605,0.007180243823742938,-0.004397479893933798,-0.00412092759575744,-0.004098389221969145,-0.0062301821972541305,-0.0014174036398116874,0.005124904179266698,0.0037363689200915484,-0.0015958835984886122,0.001053546097276703,-0.002157428436705189,-0.0030808454309182443,-0.014705862941699177,-0.002357946373893749,0.007661604637600128,0.006748847458742713,0.0036676814425518067,0.0070684607840365565,0.010062682610322282,-0.00012927265804607568,-0.01380777285588941,0.004179492673398677,0.005108021880922964,-0.002791410654254922,0.0023452403000068234,-0.013404338075736266,-0.003082944357340689,0.002057765676195311,0.008688349734793377,0.003843420677058118,0.009458148177004633,-0.006625257384816563,-0.0002582345459055668,0.005362526252180144,-0.000920978463600397,0.002732571957519747,-0.01379774597135408,-0.00887940957037392
2025-05-23,0.001087294474217959,0.0007808866123744096,-0.004876782529798285,0.018132824043257667,0.00763086658188139,0.0035552702187067187,-0.007378839580196361,0.003405347193826458,0.00045866187381338186,-0.006824931032113235,-0.002539837403272127,-0.004627552491379805,-0.0010092393695577684,-0.006928583105039743,-0.0002184718460997992,0.003531643471617052,-0.005915413729055241,-0.004494713147435991,-0.003448362001474359,0.013834181277648794,-0.005028935394452816,0.0036476990611826743,0.007340470254956877,-0.015322434453818423,-0.03232214800648803,-0.005580619068989767,-0.0010704292733548781,0.00011462904640535676,-0.0025647243142220555,-0.012396182257321087,-0.0015317235898058001,-0.008264331363783461,-0.0012545574119585678,-0.021526673961331566,0.0005182108457817414,-0.007129055467255063,-0.0010072951436502775,0.0121839151814358,-0.013717408114656493,0.0008798638955276328,0.00015339945665537869,-0.002549417521471531,-0.00862941344671142,0.003310968208690701,-0.011505941330286706,-0.00447264673872827,-0.005794547468664035,0.006654047488740877,0.0037641730019548625,-0.0015048506113697346,-0.009239593402037727,-0.0064780163226264564,0.007018848329867655,-0.0058270539458878945,-0.0043955398154986725,0.0006494332029032268,-0.006763385928625465,-0.003909319068334027,-0.022393261615953897,-0.006083321721413015,-0.007851364226793223,0.0010308552262272563,-0.0025424239604817656,-0.0026982020173794696,-0.012530411024674448,-0.005317875164447816,-0.015244607550620293,-0.00014740692676906697,-0.0041743667051008515,-0.012375318212907938,-0.0076304341633873785,0.012328593598966764,0.003083660346065553
2025-05-27,0.027696351256761842,0.008582901524331277,0.01899043674922396,0.022796669009627513,0.01393321417706872,0.019730270860743193,0.02582959798598261,0.023896305630447756,0.017574716417604108,0.029941801343666308,0.02361107508822835,0.0325430145385468,0.012796128251249206,0.01883344384911667,0.01132167859169364,0.011369808154667593,0.02336179877050837,0.03256266249911799,0.012687888169772066,-0.0013818435170934729,0.02148088149296279,0.02496056293372617,0.0010208312603374736,0.0376593967567902,0.012311864224379132,0.027504589728606144,0.02327798793649971,0.013216789078206448,0.000410530629511241,0.005020729698407722,0.022244896959004112,0.02526871902106964,0.023867365232860704,0.02240522060183192,0.02871987768605777,0.02872072381102786,0.015978844605341047,0.013740629503469881,0.026425598846783638,0.014230801773858381,0.017567424834620926,0.020394984802957206,0.03191669102260897,0.013541161691192238,0.01946479713700744,0.024677944189317236,0.023572072482904938,9.175585545939668e-05,0.009593149307446147,0.024906853546790897,0.014176605487297378,0.026136874631463414,0.015651665150007155,0.029967831346680907,0.024412312665689218,0.005229085721401017,0.02572458375353759,0.0257064638309652,0.02333578981274287,0.020244814932326216,0.01864843978137176,0.014073177414932525,0.013097492189600546,0.013839760236628917,0.04018326950741269,0.019093686947752708,0.02730600175365372,0.01785707017649374,0.01863067117715067,0.01629229820905831,0.015927447529188843,0.015325645498600826,0.01174676755380899
2025-05-28,-0.01733248089244721,-0.01373180299828336,-0.005170192337130564,-0.015223904621496698,-0.008606847615599711,-0.011194228328581968,-0.014280438791699934,-0.010244864568528134,-0.01246529762659776,-0.0013617400110772504,-0.003618244762973122,-0.025213876094520304,-0.015848390246855693,-0.010231130676591205,-0.01188235184820563,-0.010795851755039831,-0.006389083777103344,-0.005830163433011126,-0.0025196250255296038,-0.02278815678825119,-0.017070723848748526,-0.011038947034374802,0.005697090067023236,-0.005050774305073613,-0.045457961290559123,-0.013414161610091346,-0.023766619722010884,-0.014006429234425077,-0.0058748322064064995,0.003746759746487305,0.00012512946824871918,-0.008390105492421918,-0.018076234666387858,-0.010033045383977646,-0.011839608849695926,-0.012690369290388026,-0.013437117632355555,-0.004144673671004684,-0.018292713656964943,-0.01348936374884313,-0.006785072932020686,0.0,0.0009924143929804785,-0.01019018414110695,0.0023844663585324,-0.00567280467988629,-0.013159571448706497,-0.014871209009906461,-0.008681356702946896,-0.013156911146993022,-0.006900993653890963,-0.014609262403772139,-0.006140045520995341,-0.020100918919300104,-0.015464516587729515,-0.0061703928257450524,-0.012880187254357467,-0.015783446636968956,-0.0005596098719750087,-0.015689951315554063,-0.012092143400594835,-0.006543994354437199,-0.00825993587604279,-0.005953035855843503,-0.012029804794406074,-0.01723703841494606,-0.016324845711607305,-0.008083283377213646,-0.011659840190715087,0.0011968360923162447,-0.0035139142362814457,-0.012264118283477399,-0.00524536954860122
2025-05-29,0.01312103191290781,0.008040001098142069,0.010273156755949087,0.01020517302118873,0.006180063042474204,0.00892991949118871,-0.0003528576232652014,0.015498743468392195,0.0014447756774591536,0.006885877422704967,0.00408538320258689,0.006928370574891929,0.00304050263274247,0.005189007087852637,0.006102060013922106,0.007486192667977898,0.0033957171321987722,0.006664001174660372,0.01782004808472104,0.005531218061047394,0.013340014734544381,0.014544658891252116,-0.0003847440256938839,-0.001674729543396647,-0.02143221161718989,0.002585398347394685,0.03206296338699932,0.021752904998337375,0.01151504207658216,-0.006967838358225009,-0.021258035206931036,0.013220549943694815,0.007663436810802615,0.01146820406181126,-0.005883919712381114,0.01028278780691494,0.007970814661338421,0.00410564639105071,0.017943425327036522,-0.007933023399695482,0.0033398334668583995,0.01205581076294071,0.010657641323281508,0.006923957104616241,0.0032296958638591278,0.006541148186943069,0.011155311840137738,-0.002562563664190942,0.00858313516918785,0.005097651282167215,0.005900347208776191,0.008377474802930829,0.01005444275259837,0.005245390770205027,0.011329994190077297,0.000974521384699889,0.006495400786822758,0.013995553017285056,-0.007138887441231034,0.01125176801283101,0.01018869978665804,-0.003293593475026668,0.005122320605563946,0.001961820743568543,-0.0010290065490977662,0.006609006622388058,0.003297895646904525,0.002777339809686863,0.01225998469040901,0.007422185607577125,0.010579123067726348,0.009141692508576327,0.013729401002029018
2025-05-30,0.008917239856671033,0.007100509427767854,0.012561331040124024,0.015102977808643336,0.016203650704612382,0.015041567739557227,-0.00133358796566585,0.014062937304311296,-0.007668903039024899,-0.0045027068340322,-0.0024864456317373884,-0.007339465003091239,-0.005164467116298699,0.0036566041288461637,-0.004385794090690398,0.010743103047646141,-0.0008641299809704073,-0.0027803401015044082,0.010368921889626792,0.008273145478690846,0.002235473331844373,0.005667761418483908,0.010949102763834206,-0.00843992795509263,-0.008921400310939798,-0.01365249901394916,0.0024252817181691366,0.006937426023546189,-0.013370124116329318,0.019859655844607804,0.01712027823917306,-0.0033925887965621238,0.007439860077533833,-0.003164057533455944,-0.0023426929499352767,-0.005725243107310596,-0.003147775485342841,0.007113682226103979,-0.019661014362917117,0.006052844995599438,-0.0013995500932453275,-0.00564264286295546,-0.007111932752061567,0.00653817875144358,0.013534469681444117,-0.004816890735110935,-0.0035505804860483936,0.010883790223868983,0.009374046902467237,-0.0010143951240455529,-0.003498198708038913,-0.0017490574355778499,0.0019189841197111424,-0.005404452231377865,-0.008402346701359975,0.027515344255299556,-0.007367267275589007,-0.004217410463758675,-0.009163985945048303,-0.006026827353432629,-0.005076854364786998,0.006608867223588222,-0.0024119632236156985,-0.007831838967704674,-0.010300402989203317,-0.002525214090259187,-0.007634427170738145,0.00470098593735524,-0.0038847785111295607,0.007698699205052506,0.0036236295171856447,0.009870294197533935,0.004028104790725351
2025-06-02,0.012941874112904372,0.002511127428350912,0.013232540899580147,0.00615824899180728,0.003827901949946977,0.01319870478627383,0.0017477312573741521,0.010965430114719066,-0.0013007740895982778,0.004352958252199501,-0.0011330671800756642,-0.015711600257600655,0.004175631915511069,-0.0018573644072948925,-0.0022819150646542496,0.004428697902943757,0.00036035639764553373,0.006372853941561729,0.009185667417968668,0.008641807910808597,-0.007187041184551046,0.005171799246291187,0.005916861607580426,0.012212597895440602,0.00040550687493157156,-0.00935061414387639,0.013105180912392767,0.0032913799995506476,-0.003709711017334305,-0.004852836898544877,-0.006531871379609311,-0.002880253592934423,0.003036035510346702,-0.009257995785681983,-0.0028812415167538408,-0.003198964617828204,0.0042530396342703725,0.0028921553986376303,-0.005532498167012956,-0.004415759010008902,0.002499977930780606,-0.0037830685524083973,0.0033756270805191946,0.004255764917926896,-0.007479516846683576,0.0012726056543470587,0.0012725689970851661,0.012060443446166635,0.004707655685554313,0.002889909558035031,0.0003191246224394373,-0.006895113905184269,0.005506363566572858,-0.004028485025738826,-0.002074368448233721,0.013371743424704041,0.0007479712596432098,-0.002791422824440226,0.009248741280148964,-0.0037753620429350487,-0.010613599847850375,-0.0026035288326179407,0.0014234713659826426,-0.0005192578332231523,0.008326097650159792,-0.006835454626928361,-0.015386237452704288,0.0023213223657103654,0.0006881967184395599,0.0003559924476119747,-0.00080232093572008,0.0064264347754454665,0.002400939140558833
2025-06-03,-0.004674321844121532,0.0026011236524894343,-0.0024486262473416565,0.007785374405378187,-0.010092536692123177,-0.006489913867999797,0.006096456436192055,-0.004466165087796847,0.004443777291363915,0.006975343007284085,0.012931061123152565,0.0037558309522920386,0.003821042088824944,0.004151056578118872,-0.009904359520512052,-0.007054700537858838,0.001440796425039581,0.00963055010750602,-0.011736035407025502,-0.01652967210441214,0.01922117901566156,-0.0005937730581955236,-0.02889471361387974,0.021779995940234498,0.04940824570806357,0.01235750109678313,-0.0014783335080136295,0.006922600621296349,-0.04827406838702142,0.00067901611328125,0.013276043445908492,0.021271010712627048,0.004581178933583008,0.011613786798269299,0.008534952292835074,0.021181010053026306,0.0009240808538437673,-0.0054348559284636,0.004867850783528249,-0.0008870012066938271,0.006083214311907836,0.014556993236336524,-0.011405590861754744,-0.0005575490507883085,0.0012903892464202205,0.004459014191853683,0.008134206750966877,-0.019495955571021906,0.00042599295389189606,0.0021806759548805843,0.0039169813712962576,0.014274646856569762,-0.0022619681044913076,0.006960845272445448,0.004807004174607998,-0.005160311710106447,0.013625359801784809,0.00791505508592305,0.005639384240207379,0.019895787027499834,0.004607346995149975,-0.001248446369192746,-0.0025118070738220366,0.008105540922381138,0.015310500142698524,0.00994135595715595,0.015518164500130105,-0.0009770554425458933,0.01742324054254296,0.0014780959611240263,0.012446470690341771,-0.005454242233876916,-0.011124714082760723
2025-06-04,-0.01116676787969162,-0.011915036681134916,-0.00631212794950875,-0.008988443079445907,-0.025807431576672535,-0.02115876724985888,-0.011144886075792781,-0.0049669296479712965,-0.006102235045863713,-0.004909501575820152,-0.006495013216561651,-0.0009353765338249165,-0.011083719963636551,0.006964443329338321,-0.01371951621334122,-0.012610996342701242,-0.0017984318385662057,-0.0016986443942441642,-0.015620272007048852,-0.01557547212753363,-0.01616467383078557,-0.01155039790929302,-0.015691906093118213,-0.014159403993882491,-0.011239440813214263,0.0025456743472438426,-0.018336092531812898,-0.006654160116091212,-0.001679969822348082,0.012645753155508421,0.002495533201258615,-0.01131393800161895,-0.02043978416781478,0.012008487297233472,-0.007651151791779998,-0.010685100702312655,-0.015770466690730456,-0.001170902946606045,-0.0020761061153755644,0.00721373810852155,-0.0076989145373499435,-0.008109860420875581,0.00024899384512799827,-0.015733135671691878,0.0037115904401008315,0.007156598911022494,-0.006429678998898791,0.018812541495379698,-0.010814924974588691,-0.004040946870287998,0.0008827528181118982,-0.015004684759903242,0.0007160068205562808,-0.008874410744782457,-0.012929920446738907,-0.01768495700426731,-0.008224133448588522,-0.006129088305603658,0.020608456231149708,-0.010682835218283282,-0.004723176563370068,-0.005909052762118283,0.003201277937762148,-0.010411329787823886,-0.01948494606844131,-0.0027763910478816323,0.0022441090896829774,-0.015249801284279108,-0.010815661513090657,0.0058492722192100555,-0.003569124481360042,-0.009630832655473931,-0.013863300294862602
2025-06-05,-0.0018997393686098762,-0.006029395463793441,0.004822901351787312,-0.012550900984699687,-0.024498981985761947,-0.0006770196572964959,0.0017142687058622208,-0.005716292498320286,-0.00015352472749363688,0.00010142037110338897,0.00045092889362563504,0.0182583679697792,0.0028302954241772316,0.0017280761467792782,-0.004602871213085558,-0.010343600672083952,-0.007206688091579094,0.0035339874041095953,-0.000891115795163433,-0.004424803203977312,0.0024894770569263702,0.0007345252815176284,-0.010724101945825848,-0.0044591963477645935,-0.046093761920928955,0.012787544705525233,-0.0027843594711903785,0.020985681243857135,-0.005325151601214273,0.0074317811494100106,0.002489511880269024,-0.0039012596507925767,-0.004322921093229626,-0.008736493879274554,0.01113129397969348,0.0,0.0007815448086485599,-0.0031820982545436305,-0.011789186920561856,-0.002754669247599817,-0.008591241172408615,0.0,0.0010787258411215639,0.004534650606853097,0.0022426472662648855,0.004160528046133871,-0.0031721863690470364,0.033548205228382866,-0.014893279118395109,0.01919468933196833,-0.005009553465005756,0.00022243034418178986,0.0015499795872817579,0.0034873474665675364,-0.0052396373548926345,-0.006981615483156234,-0.0009150386683682843,-0.000481744295156572,-0.004532991994795288,0.0009389886610358111,-0.013686333218535629,-0.0027435469130562273,0.0035412836431742978,0.005000086848753416,-0.007257614942064672,0.0030372754158440873,-0.005864197836244367,-0.0030898200730997694,-0.005011430827547625,-0.003342421158500364,-0.006367680353255745,-0.002295954246699927,-0.005687835123709961
2025-06-06,0.010151201095173423,0.014382166459939283,0.022477139962661097,0.010227942391175748,0.004000603175319251,0.006823158644188698,0.020141997166203573,0.0016194934258171312,0.024332193726187334,0.02199627149950678,0.019265603381834362,0.005517319616463734,0.019643235807198955,0.003642934000636755,0.009800729714433354,0.0049077608063097244,0.019526731625071125,0.02073828101288755,0.00788974477643456,-0.0006733732726571517,0.02731558136620338,0.007740040665249914,-0.0024009506109436973,0.031979163487752205,0.028951709306193063,0.019331824876702708,0.006864014022712306,0.011896970026275433,0.0020163045680812175,0.008042095729753562,0.008567187264394427,0.028981806363461482,0.016114210225511183,0.011181330030161307,0.013401985627101265,0.03049552606185313,0.010075043834461006,0.00067202239583386,0.009824585496333693,0.004585392278012357,0.014430213250946178,0.027044044999513517,0.022878001908107626,0.005981252405441895,0.007993974884300092,0.002892077854938613,0.01743893570719912,-0.01729095466183561,0.005024879373492164,0.009187048322537805,0.008101844212383247,0.023511731651584267,0.01916664237088006,0.02071511933521797,0.01356332296791285,-0.003140542547683478,0.02249575273738924,0.017834748040596038,0.013246847913649606,0.034240129112832474,0.023289906209282396,0.011577282908782793,0.006979943225092988,0.02218072806476301,0.030809407036691994,0.025990379801568375,0.011153972157368575,0.00985176670810195,0.024954226523610457,0.009406473567559637,0.019092126515934726,0.004738032350595223,0.005102837750851297
2025-06-09,-0.033287975984617635,-0.011284704528370937,-0.02473088054773065,-0.019687277286216998,-0.03324620656007238,-0.030377636242137407,-0.0010411623358848043,-0.04651165468203333,0.00044958830997221533,-0.003008584438970896,-0.0022237555282146326,0.0004572096102259948,-0.00343221390213877,-0.00021228546594342923,-0.0004052685906145159,-0.02450935237363039,-0.0033463953785369815,-0.0011500634401783172,-0.013681912160644849,-0.013701720431847031,-0.000483453185401439,-0.013639615176567088,-0.016996902072767273,0.004289926850378434,0.021331637359067734,0.015675957680530095,-0.016061002011173553,-0.026904140370513252,-0.01292933100260496,0.0013796156096006484,0.005662942685806138,0.004313601052601923,-0.00854554731859325,0.027058563362519106,-0.0007817271478013366,0.0006165086796370289,-0.019021101443160715,-0.015166734668626392,0.020152880815433205,-0.010338702496067387,0.0038007346902320105,-0.0030618026512029273,-0.001215571507488633,-0.00875026682339708,-0.009811526596711806,-0.006953726003023131,-0.0038783630352829945,0.0046350408317832326,-0.03256375989414839,0.0009861145258756032,-0.018711336477113205,0.0008145644454302658,0.0004672717569220719,0.007691540853423051,-0.0016890331395438274,-0.028676908427483605,0.0006158014182653382,0.002273137522327051,0.0016342468484720207,0.0018141005401992594,0.001431037063734708,-0.00045326816461577213,-0.00839491965984085,0.0024335476764809627,0.027186770975423658,-0.005164758614381149,0.007424742448325139,-0.021593844840593346,0.002233641406653053,-0.009615897430866993,0.0017030951172476438,-0.019940853891246668,-0.026096157805546305
2025-06-10,-0.027937215741023258,-0.002341288539289166,-0.009978879282905861,-0.013841353439586812,-0.010791910205745658,-0.021766251347218768,-0.002740921213889025,-0.005991564303876484,0.01580406484282748,-0.006764886143168725,0.004903080587033148,-0.0009140897078784294,-0.00011112249742351032,0.0030945324577167366,-0.00445945259630165,-0.02197295320944559,0.021288834671266077,-0.0017909606361492525,-0.012249785860946383,0.0070599090421894495,0.014994021026870419,-0.012888559511269881,-0.008384572196104445,0.010100982216943555,-0.006585365737642346,0.022873804049279745,-0.012712073966109738,-0.0038707011170737715,-0.002718163922497019,0.011201599915178218,-0.0023373408693116993,0.005053010859680018,-0.004724059451512552,0.022546009073119544,0.002200377400836784,0.004929149338661398,-0.015527714810869231,-0.002500465375740557,0.008855593442670617,-0.0025006234176616626,0.006973167840587324,0.004299735372962132,0.006247437266258871,-0.002376630636284238,0.008916127505219196,-0.0010915431832383415,-0.002386365672593538,0.005330358080207098,-0.01977354426924205,-0.0009851430619920443,-0.0002866902231742907,0.007976565599092433,0.004903659824917916,0.0107596636134355,-0.0010410490040680953,-0.021451501811049267,0.0037484510929532977,0.0025514708358065352,0.016451380479497235,0.012222745853265327,-0.0005443878725048812,0.0006801673190846014,-0.002097120562803423,0.0029334241210958734,-0.001150805645475872,0.006922095772947667,0.01000207375753881,-0.01379928294904087,0.008246088858238965,0.01101840534710985,-0.013209549415696742,-0.012922632004155665,-0.014410521803099985
2025-06-11,-0.00423300955361372,-0.008995777834590268,0.0008300796792819476,0.0031133600426402896,-0.004643738814953058,-0.0011201691829944016,-0.001974100547410984,-0.006340395561480139,0.017770268020043112,-0.0014021516342160867,-0.007984045445404653,0.031107131265923016,-0.004888916015625022,0.0014113956492070034,-0.006087981195708969,-0.00957431535964437,-0.010982143610003492,0.004485434827585344,-0.002235859033842824,0.008095853626050031,-0.013581121711834676,-0.0004079578504796455,0.01334080312492647,-0.0023383145308613074,-0.016709852219461307,-0.0053053006959442595,-0.0029439493496604685,-0.009825441896706089,-0.005216168206922389,-0.0043835687760029884,-0.0004932295472250825,-0.016088514356413453,-0.0025813899365842996,-0.013625690426368964,0.01512512867243787,-0.013488643470342399,-0.004243384890488255,0.0112231645558587,0.017555656167513423,0.001615556536106011,-0.0016753648642138241,-0.007339500699302781,0.015965194408383176,0.004537737027281663,0.00203550607551084,-0.003051380360136635,-0.006546602556572356,0.00258421771852424,-0.003805253299261957,-7.593510141734594e-05,-0.006130868673212997,-0.006621424224330541,0.0083652282222908,-0.013374589861922637,-0.0035175125709577815,-0.008550170355998032,-0.00930827788226618,-0.01395037966468926,-0.00200644089877855,-0.0031305766061479057,0.00578693293179966,0.0014728094228686484,0.00011674494199276353,-0.018658583114861904,0.01695198522790453,-0.011539435943664578,-0.008652146220618162,-0.006577988541171531,-0.02298851652622258,0.007040693999505132,-0.0068919372312648,0.008217182204792284,-0.002930967879388735
2025-06-12,0.028191120815163062,0.012629489872401978,0.016587733497436474,0.013534159728177064,0.023039532814051356,0.021103144066681345,-0.0001940010013719018,0.01802674715268693,0.0005795974191278308,-0.0037112477032295033,-0.002459213312705155,0.0026618860013090107,0.0016748719290748948,-0.005084050996707834,0.004506866111022578,0.022205203103778937,-0.004243624769118992,-0.0019136757047772956,0.012884784783800729,0.015299042897604975,-0.005555636436144096,0.008571968937852281,0.004858140508976483,-0.014212367829575134,-0.03841546954438624,0.003785096679540967,0.013480523995845983,0.005634224991240444,0.001865956199657015,-0.0002975132360252264,-0.0029607435356268086,-0.004087872190196351,0.00826515184208132,-0.01695340126279199,0.0015060039206364895,-0.008079546861988418,0.015196585574573929,0.008901465849987744,-0.0079628326469241,0.0021134016550270474,0.00033563528440549995,-0.007393649739328989,-0.006031762985956091,0.007114593243432665,-0.002471410369426219,-0.005232242905628848,0.0010137396774518859,0.008310350554092238,0.009710528213662695,0.0008345392033155541,0.0013888740575478398,-0.002926317074215423,0.0012675044623668974,0.005717402279868944,0.006928994562672264,0.019755395798603193,0.0,0.0027722102460121523,0.002680564892187487,-0.009421309250597698,0.005956847981413604,0.0011312044388576137,-0.015778796178337884,0.0030832024775553357,-0.005664383939674056,-0.007948328568435747,-0.005467909513830804,0.017912593830722967,-0.0009050482881480804,-0.005116401046316943,-0.012278101764291116,0.01933971109372279,0.01740096616758624
2025-06-13,-0.010009854876321,-0.004384653223082902,-0.008670245345578032,-0.0051706766821111305,-0.010963546196979701,-0.006988863339084883,-0.02690329831363958,-0.007813814123433627,-0.0434436316956347,-0.03422924872779054,-0.011878054504347979,-0.019026603379272977,-0.01237320947140308,-0.01662534042578423,-0.005710298596648178,-0.0016853960677187807,-0.03111009185945357,-0.023903907277747716,-0.008641847026015781,-0.0021652915888471513,-0.020403118174638135,-0.012748723957540564,-0.005388217822261732,-0.0245345559713831,0.006886553167779752,-0.07656045915596243,-0.015331710494860373,-0.005574757346301196,-0.010066764259792471,-0.02975836134304588,-0.018188582358993344,-0.025654145812537665,-0.00811458301280088,-0.043701090427539446,-0.018508754611737288,-0.028195445614775383,-0.008157759875416004,-0.0008958771368497986,-0.02809365094664773,-0.005993931713655698,-0.012265154135799872,-0.028553753841928042,-0.03122002634468235,-0.005830866127909506,-0.04624287035913044,-0.01898090413391007,-0.020762114622117966,-0.0072281695714230265,-0.009206878167120292,-0.018420199435336904,-0.022442806819042538,-0.03239310036375109,-0.0120051770322388,-0.012011714541713014,-0.01454161472348392,-0.0021235928538728688,-0.024586532243269454,-0.018398477379427347,-0.05320138828265286,-0.02581520365913781,-0.02011979536760755,-0.012881349035575584,-0.008658360695612766,-0.014958981431595575,-0.026041642413474064,-0.024286365532251053,-0.018540304070340574,-0.00932510198344172,-0.026494459723715447,-0.04994611765701573,-0.022294304529835607,-0.006775912018934349,-0.015874618187466605
2025-06-16,0.0016485496142497613,0.005284800488496222,0.009809736734042174,0.009284938965998135,-0.0009791184368030947,0.003468743453437062,0.022384748510406727,-0.008385244915235512,0.015063246415639941,0.02234271976751523,0.007257874659032826,0.027514744153385173,0.02133182192097305,0.010578057854584877,0.005517500911227158,0.004783291068263251,0.013561988087831489,0.022393911351551887,-0.0012553291900482266,-0.005845587350875259,0.01686080980921023,0.002323044212621417,-0.007384008290816313,0.024840498058644966,0.0777059045306927,0.028275374009087306,0.013508322312918875,0.0029431207652970137,0.0033341126859589565,0.011470954902332853,0.020037857565979866,0.008952130046524509,0.007012249302177365,0.02961671137936106,0.0233236595349553,0.012250128113951542,0.00503072136492988,0.007621612820803092,0.020646950877370562,0.008598510517318081,0.020418839441794345,0.017891418113133772,0.017060905493981426,-0.0006768010998168261,0.011814232811702574,0.010680699526934845,0.013574700355154068,-0.001642597634572751,-0.0034501793318310048,0.010888781709062156,0.008549398071634018,0.012469815401477735,0.012735179506049521,0.02932718015878777,0.010935465274947154,-0.0053015306085231195,0.010209403716395782,0.01913179758520811,0.02018918916007717,0.00790330425313912,0.019777570792999244,0.018429494037352168,0.006999162164701644,0.013105934985303547,0.02389706386245627,0.010777473846271812,0.017798615645640226,0.00633853349526281,0.0037217284021060504,0.007453605887258963,0.010917646612268461,-0.0023195542812325387,0.005061976780232014
2025-06-17,-0.010862386113664746,-0.0061332250323759,-0.014279040096467521,-0.00869951643499256,-0.0006321932726647272,-0.007113862855585129,-0.012029368180013211,0.0021997171605401267,-0.012975431871501186,-0.004792381437250692,-0.004053148070124801,-0.01887626097034334,-0.007956693973924844,-0.013155466074060262,-0.013769046873363,0.009241160445679686,-0.018588110570933236,-0.009094390767875549,-0.009182016374205237,0.004098169835776266,-0.01365514707421267,-0.009747796841582446,0.008186618673914348,-0.01872278635594593,-0.029514091847442248,-0.015132913370442758,-0.018016736299260705,-0.017774755861932,0.005696711330648974,-0.008793722806776927,-0.006177415183079016,-0.005480212125190342,-0.010113513008118469,-0.010803095291860298,-0.0051126241336624245,-0.0041814431481890235,-0.002621975444576208,0.006618478427187213,-0.02090353793238009,-0.001716106951069385,-0.003106951823135251,-0.012554975461894435,-0.018962754767830492,-0.0037246256968173075,0.0013716730622621576,-0.0119307269168909,-0.00701534491139344,-0.006136627769692704,-0.0027697276000164806,-0.0061879113549409,0.002155749650706751,-0.010651862241028098,-0.008421819962661004,-0.011540946410848463,-0.012120425706872329,-0.002477142465255211,-0.011076866781814743,-0.014770373696372463,-0.0220039291486257,-0.006457536331999747,-0.006262648359046996,-0.00011242144647893859,-0.007782163714418311,-0.009958996220406635,-0.016158016501880867,-0.009139391112714002,-0.017487364761593516,-0.0027533037112338343,-0.010660517890817567,0.006638869355872989,-0.008885871665347156,-0.0031455785667307,-0.00013422671179397216
2025-06-18,0.0016639104086519918,0.005289459642451977,0.0003561954270014933,-0.014676973820560768,0.0031632555738285717,-0.012715092796903082,-0.000611748755906083,5.697960095485399e-05,0.005515229103753683,0.012328858012033761,0.01876558534128181,0.010738233897342742,0.020385450590256093,0.010668840600930318,0.0034334483833631246,0.00157231006869063,0.01326555397871032,0.01279728355685994,-0.005813932232048069,0.009715639970837575,0.02150800779914608,0.0029600151741460135,0.008898753384712688,0.01675948860709342,0.16324601711653197,-0.03952826399943621,-0.000360324068062412,-0.008194635887836976,0.0031626063235417057,-0.012726393783556,0.0,0.017580693525944602,0.0025123306427687897,0.0021053113435443027,0.016969735107193573,0.01614987127860612,-0.0050186987934701666,-0.006796016072691868,0.013774091112937814,0.00587809875134826,0.016473804985546625,0.017800425606732118,0.011234104062271433,0.0006797914384308879,-0.05394684534155836,-0.0015279188589795156,0.008991709587115926,-0.012035805106963116,-0.007915527772719644,0.018679437335509697,-0.008805062797060281,0.0188975219121017,0.00488662958990882,0.012314203569621318,0.002242719816636818,-0.020468852971607276,0.011951543652956031,0.006963934857854515,-0.02971555863211983,0.01949852140640118,0.005217841078573704,0.010679008401682122,0.0031133325399466116,0.029762591122231008,0.01940945599428945,0.019984694296426353,0.00611484546186003,0.0018531455980810296,0.01358639161834474,-0.048792733159407686,0.03089652225889017,-0.0015091680667507212,-0.0009739424398476082
2025-06-20,-0.0014396996502644699,0.006528362235901142,0.010445071257186633,0.00404378216454071,0.009554437399944327,-0.0017376007618554734,0.007740484340239329,0.01103105715841779,0.010744668824994141,0.007320642856626813,0.009764727325769496,0.008853514814308516,0.0002183872575782786,-0.005186230999418284,-0.0005977831886987417,0.003232047937594018,0.0014546289930297274,0.0012763047360380142,0.005918885216588343,-0.00768892773756813,0.009438513855974051,-0.0017844430324174265,0.006945917267419555,0.006086103156596634,0.044329289712148334,0.0060110172703551346,0.013217164244985202,0.00995496212465441,-0.00635237190088167,0.012518618398736914,-0.003356592047067841,0.014440420313776237,0.007351069055361759,0.006171134042925797,0.008752593734759007,0.006993045998266112,0.009767823905513229,-0.0073987643062823905,0.00611414068989391,-0.01714538078624106,0.003796137934739763,0.009369120323913238,0.001470350497206896,0.009396601537971172,-0.010691830739795072,-0.0010839509363022026,0.008402240701123276,-0.004664638334700211,0.008818585876535945,0.0014337642263850814,0.0019496407174066643,0.018492023482579834,-0.0031261348138792444,0.007839206081021954,0.008424369874487025,0.006453478663061674,0.012095595740911458,0.0021131612660969523,0.02158383204784098,0.010929038637187194,0.004112109525809204,-0.007785613937548064,0.003123584563131665,0.003222536318633562,0.014483309659862442,0.011806013308032437,0.011612759951292517,0.00030206527628307,0.00046216108484231633,-0.005317578978286108,0.008830662041392934,0.013327867896199885,0.0050420690303740745
2025-06-23,0.010424780531158806,0.014907969415656419,0.008105279732973925,0.017996425639247304,0.012368788761188965,0.015358623723327192,0.016870805851218584,0.014801239975530844,-0.0036426217484470946,0.0034830474375016074,0.017582400814517563,0.004387866565549681,-0.02172020774402672,0.012171078077509057,0.006022445856240344,0.02098673409523344,0.004575531059930027,0.01159979219259566,0.01539706505678251,0.018906304619335623,0.01894032445139593,0.018468548341133095,-0.004854142923717553,0.016484369375162622,-0.002561802102643118,0.01751449080864309,0.013400592039227499,0.013719993338908498,0.034782408885692284,0.043824141200484945,0.004116275896118404,0.020589831228838618,0.012604741487489246,-0.0036539056418194438,0.009488166675508891,0.014520172981106416,0.010386913495601391,0.007285787732559168,0.008102625398992869,0.01536911325962076,0.011890952213956307,0.020420787550867514,-0.003752031730814065,0.01693578336490864,0.017599499781268735,0.013340402156748699,0.005302337757855602,0.004686499158329749,0.013412856974386989,0.009720391989084476,0.01898007501056509,0.023505923273009488,0.007317130011353701,0.08010727945200413,0.009398266740201944,0.01667867988376881,0.01894131925087339,0.012172880482864024,0.02797999998693035,0.019819757278725758,0.013494573300500745,-0.009303910319164554,0.020587077809411714,0.01626178747990692,0.014597366781917254,0.01911619863701275,0.008368187822746176,0.009962955775541849,0.01848004185949015,0.015299620650747192,0.021352792808617904,0.010388220030665751,0.015685660261076206
2025-06-24,-0.0015365973955721035,-0.006486004383190691,-0.004194833507710549,-0.008313243510658652,0.005738664374803859,-0.01149598526822515,0.004586104482124931,0.0020280051229173424,0.04387081202988696,0.02920268952524885,0.007775391280425925,0.01485360462723384,0.017516453675494814,0.018929314753347803,0.011706382313931618,0.00027045419935167736,0.04142564650179703,0.022429419929524297,-0.004892618238538815,-0.003693685306631944,0.009882309857536686,-0.0037354185767355386,-0.004694486767788275,0.023408060082276583,0.12103778220872496,0.02367560967122273,-0.0028963218382184186,-0.009078909066902785,0.001304275051623227,0.012431162539215057,0.0202484130859375,0.010958783817919704,0.006551455022040242,0.03444669201537631,0.023543749001036174,0.011823306637573472,-0.006670316817746769,0.006231627455633104,0.024112501628847705,0.0,0.010745007539147755,0.015767145693793116,0.04609462323196256,-0.007609957273033707,0.02798940609250966,0.026728560018428382,0.0003768229276199797,0.008695250170617008,0.002555782743981716,0.014179058928987853,0.0370550646799821,0.0037484369428801845,0.016026742025224694,-0.021769698754793843,0.007758935211613416,-0.0013889407810846466,0.007026303028829561,0.006628831323404416,0.021802522541994218,0.01060069688994325,-0.0005299632027463419,0.010635918427457147,0.016304468371566072,0.01639671884976357,0.023557278478569588,0.009744251725047004,0.011809773758697295,-0.0055301565494085825,0.010206408686207036,0.022923650568181797,0.014283839028795153,-0.008793310903408291,-0.004313671022032728
2025-06-25,-0.01912716104672907,-0.0161290346208669,-0.018254125617901962,-0.017270973109563492,-0.026228658268575455,-0.026064782100526207,0.005140584911436763,-0.01724520723913381,-0.015581501518898921,0.0006809829170910664,0.00407198086863092,-0.0008609678800628462,-0.013157861714877095,0.013045212064940026,-0.014732145921613427,-0.023163585088002425,-0.003332146597501917,0.018363296462627465,-0.01380846457889029,0.004928641352841767,0.004659850220687156,-0.020246786906213732,0.006080012774695387,0.008092644717997421,0.03059563705376611,-0.009105533095228213,-0.01288027551510218,-0.03486699917878777,0.00518736056218172,-0.01332099503634232,-0.017046072608094653,0.002217326859468516,-0.012122696552964496,-0.015953432295212178,0.011720121939415629,0.001230040435555857,-0.020382381053353105,-0.001769462612213446,-0.0026160864586541877,-0.016351821036375336,0.009955146781448931,0.0011940571799207156,0.008374420622498269,-0.012002687161174252,-0.014044117228480979,-0.015030687328252856,-0.006904381452086494,0.0019306242662364692,-0.01529567368488538,0.013392254642815127,-0.009901183245945577,0.005838421201659338,-0.0007943678239040741,0.047554600880601816,-0.011163900207559085,-0.023833742576666372,0.002691958152256424,-0.007337783502335493,-0.006931260173130616,0.00043707295667139157,0.005633616468455838,0.005373974010004501,-0.00321240753751606,0.014091267984111866,0.0029348539956097763,-0.001206254189149547,-0.001577303136547581,-0.020027116541962098,0.006286457152154812,-0.018115618771812225,0.012290347932034651,-0.020062694945512827,-0.011905510286987275
2025-06-26,0.011879384945819194,0.013953944753447578,0.012753273842244006,0.00827338417191581,0.0030243581098425842,0.016811518875219367,0.0027860785525064546,-0.002567295841693573,0.011762219024396892,0.009170753683272137,0.013020290933168699,0.011632957120877974,0.00044445461697040223,0.012484305515579663,-0.002385807948203311,0.008211841780798368,0.03210966856853292,0.02105779439672051,0.0026518633073233655,-0.018446181044212473,0.02319109519412721,0.014194219794084972,-0.0007325649486338293,0.011921337028752976,0.05543521534657114,-0.001317097050796301,0.00882772916166652,-0.001670017073034158,-0.006456444789179172,0.005869922495992608,-0.009042528509580428,0.018928250678117653,0.013342116399983839,0.006690641210745252,0.025810945636278282,0.02211294151223453,0.0059677247078187,0.0014956199761073652,0.021639339259413415,-0.0025833509007364697,0.016510587308184332,0.02265946036934552,0.0240608987242259,0.012823389989668144,-0.007076613720307545,-0.00022835119476016796,0.01074451355787076,-0.011695646923825187,-0.0013406374620029693,0.014740043285678572,-0.007543970712890258,0.011818280688794314,0.003861400637212631,-0.006704376499148235,0.017389099529444785,0.007509553156133331,0.01643745597662405,0.011561801170539399,0.0013685298280927682,0.0200961557049808,0.005799809511509935,-0.004008915346518038,-0.012027774866918417,0.009774874274758316,0.0138611045995507,0.02753621612636481,0.012954222185010522,0.00820526309754177,0.01784911084884455,0.002230171441501616,0.011255841571815361,0.007520797537342139,0.010141234727369275
2025-06-27,0.00033224918587548835,0.011163468307506585,-0.004472224047937456,0.003210792530791595,-0.002072940832764991,0.00829256070546136,0.004928878266986292,-0.0023192669635185847,0.025618887040290028,0.018528011638178965,-0.0071639308711897165,0.02849740292575431,0.012661032630574276,0.01652121827064912,0.0012988452709361553,0.0028370568089328696,0.019773303275707255,0.00011846043037300191,0.00546597930999293,0.01260228246930728,0.007026323227469211,0.00322448709121681,0.00707408748432492,0.0023751841387453787,-0.05769593469448331,0.003067108249882766,-0.007748754763960197,-0.0008217614247900684,0.010067944783594518,0.00566060467581786,0.0100000381469727,0.0014474860098638853,0.006908314637465995,0.006135012398253981,0.0053117535315097,-0.00240378663737173,-0.0004809809172777735,0.00525440781087938,0.007702174977324283,0.004054060788057923,-0.005679668280695549,0.004081614949343004,0.017811056550269377,0.00399822975001185,0.008262966574079433,0.01347757220419954,0.005127609639868025,-0.0045341191845974516,0.004397726735733132,0.006726314428667335,0.018950256601424353,0.0014987507256185584,0.0078063406060737695,0.011710192950407317,0.010076542093772511,0.009058819369622606,0.0012937604456411123,0.0036537324100960333,0.006423414411162343,0.0,0.004062557303534886,0.006037577155491469,0.005223102674444702,0.005978916379838939,0.005468640442627626,0.0016455028988648923,-0.0008317927926891899,0.0013690258028171698,0.003068816599593349,0.007455962145961781,-0.005752865054271639,-0.0006911172918748765,0.008912831154289647
2025-06-30,0.00808241097652962,0.0037118053752849267,0.011821728848474544,0.0033022209274868874,0.007522059762123723,0.02835105847719066,0.010718224981590696,0.011425165576435914,-0.007346788869368792,0.0056433046054369385,0.0042444984608036584,0.0012594746863925366,-0.0007677088680624333,0.0013647895480537464,0.00018529966078029148,0.011772229366414866,-0.010125066329938592,0.008769916061286409,0.01613357948335037,0.01838430879417996,0.007202333842589281,0.018395695274575186,0.0031299509426283567,0.008293446024156381,-0.008318485986850699,0.014615945004907038,0.009115764995980769,0.01862240008978233,0.013252398343064797,0.00046423623399660663,0.007549512219211296,-0.0002430316402901589,0.003228663316352076,0.016768288546177734,0.02452194163557886,0.00963854480333115,0.017564985852148274,0.009463555547197355,0.004458640085920562,0.01037455567934642,0.009752413591795683,0.011614446626855957,-0.009382638840045643,0.013938076492949758,0.021114978489854552,0.02778517220767407,0.0006220657043016775,0.01726255173514768,0.007696908141907599,0.0012083173359536126,0.0005725388269106624,0.0010837378222217087,0.00381675270433246,0.019130272352389843,0.0030306586231905186,0.010871661932113863,0.0036069887964753633,0.0028937290762265366,0.009234116116402014,0.007280517067094205,0.0009136463801870942,0.01400305023148074,0.018504482525149024,0.0032074758799554015,0.008309342832403699,0.008918119283549464,0.004162346849429177,0.016064756467846664,-0.00022090857056988877,0.018473373431663775,0.007798776686566367,0.016323146911488395,0.009618596603499396
