Date,ABNB,AMZN,APTV,AZO,BBY,BKNG,CCL,CMG,CZR,DASH,DECK,DHI,DPZ,DRI,EBAY,EXPE,F,GM,GPC,GRMN,HAS,HD,HLT,KMX,LEN,LKQ,LOW,LULU,LVS,MAR,MCD,MGM,MHK,NCLH,NKE,NVR,ORLY,PHM,POOL,RCL,RL,ROST,SBUX,TJX,TPR,TSCO,TSLA,ULTA,WSM,WYNN,YUM
2025-04-02,0.013368565295446944,0.01998228846583383,0.027557011181222446,-0.001051593447378818,0.018287001644413436,0.0007575253046019359,0.03249103083786409,0.0067738010687354855,0.057994383346042566,0.03744108047150174,0.040846977901544346,0.004395291360834941,0.006187311496395731,0.0001432395865810232,-0.005604856171210981,0.0008944588697130662,0.021126749595150374,0.015234912561910008,0.01367671762933087,0.0022981108754338564,0.008850930829487513,0.01469145121324722,0.018039409473246115,0.049315409800928744,0.010042731508951519,0.009541567182202115,0.005427131448946465,0.01115758345923945,-0.0028097389506535064,0.01813298243921957,-0.006536504789574793,0.02705408989625724,0.018607071992865265,0.023085023420060358,0.0030882857659924046,0.012261486686900192,-0.010329655872362675,0.01251943361583674,0.023669574303074592,0.018883383985227598,0.03245675716128327,0.02524982378730889,0.012012642433276488,0.018008465128109163,0.025380723468159117,0.008888072664428925,0.05326685079977622,0.023000203309048617,0.0386479262427315,-0.014384162360179809,-0.00434179735686735
2025-04-03,-0.07190555058319514,-0.08979129298487254,-0.0886804787413783,0.004433903838232389,-0.17839698277499882,-0.050918027126978016,-0.1368631223010589,-0.03729332198457236,-0.09516558646504192,-0.08063405287627967,-0.1449398679179701,-0.044229177961877086,-0.009757659156066967,-0.04242027178330554,-0.015722291849374015,-0.09222526234333617,-0.060098482533144426,-0.04335135359323128,-0.011576603425848986,-0.1500894661670108,-0.12282652279428286,-0.04038933412859114,-0.060506524201593526,-0.07623532456820914,-0.06277012811598093,-0.02766261088076749,-0.05423321791687474,-0.0958444070858201,-0.06736683827208301,-0.07396113551860717,0.021471250822352683,-0.09268293923478788,-0.07947080722770339,-0.16358977097731375,-0.14439651477786064,-0.026304814178396363,0.01755811772907534,-0.0630690942157075,-0.03626475233817339,-0.1103513405193508,-0.16272481858564003,-0.008763294069120908,-0.11216172528153923,0.00400225416286748,-0.1291143069237899,0.002696865794375558,-0.05474611137253549,-0.0385610823858904,-0.15847519747992822,-0.10620558921686551,0.02035014151370329
2025-04-04,-0.06413966377378488,-0.041533565999713695,-0.04314857223297053,-0.04519161991103826,-0.02860816385799081,-0.03741343669733421,-0.04513892683165899,-0.05571087886417092,-0.02482120913864716,-0.06224496516542832,0.05095162103084094,0.045458294379218556,-0.04219675237544829,-0.04135935163068738,-0.05967446900191509,-0.06897680161414987,0.004192889127800026,-0.0374728243922986,-0.015756686030025335,-0.0371209116216914,-0.018730715165624634,-0.005647590296477323,-0.039240032275211334,-0.009678235320824236,0.024261960485205014,-0.021100005456222704,0.0034603066014877726,0.031488435371550993,-0.08349351644635095,-0.044697620940658545,-0.05705848120417478,-0.03727595062359701,-0.020307816082911323,-0.038013482885375316,0.030046752827544543,0.04232635087897618,-0.03607767242113469,0.03570327093172687,0.0038233318236309266,-0.05682483025048979,-0.0013644215551992245,-0.006859307286353533,-0.0697938506443283,-0.026070282244732845,-0.03303110051198621,-0.06042674146072846,-0.10419786826814681,-0.022841049029272864,0.020308090619460595,-0.03828204501717869,-0.08436046711516176
2025-04-07,-0.0033752165572018544,0.024912248577988017,-0.019245291655918373,-0.04786439103078377,0.013070782055853325,-0.009182909551383678,-0.004242405746922362,-0.013110652031695258,0.02459015044520707,0.01924490879609886,0.001037545876575452,-0.055212318305042474,-0.017199027705027348,-0.01767338343750402,-0.019391046385496824,-0.014380318196912878,-0.035490647810449416,-0.014712568607995524,-0.055389077529839126,0.013448357089509644,-0.014640535685868206,-0.0350098030606929,-0.022552082152984876,-0.025884826371829983,-0.035575959517673894,-0.04310971727093715,-0.028438284324450946,0.004929798000722574,-0.038058156687754474,-0.0056855655333629684,-0.0007329312012095412,-0.020848896521439286,-0.033033580817456554,-0.012109597543957351,-0.02864629010762665,-0.0491436549358808,-0.04031307377625892,-0.05037532403535172,-0.037993938414273454,0.009104718974038306,-0.022517916812442085,-0.018647807464501343,-0.02557856067663722,-0.02480358753925227,0.0007944505105426103,-0.05820610247384839,-0.025644236634809525,-0.045720150672055926,0.024068432711693344,-0.030817471487746717,-0.019617162099576868
2025-04-08,-0.005738481588326461,-0.026246667744515673,-0.05040398143435698,0.00595110252758313,-0.08263925586523835,-0.01897207276595725,0.01582472453149797,-0.014784629393195803,-0.010105253520764856,-0.00330729429744292,-0.04004522858746351,-0.047264320331284915,-0.01339989645154982,-0.012699681849239752,-0.02729203216120335,-0.022815030455994312,-0.059523843183010294,-0.024121262759011053,-0.043501896801743434,-0.039975648032399946,-0.04626663680179077,-0.018359688476853542,-0.014009995076431192,-0.006100929563499502,-0.038475977865052524,-0.024550720950848426,-0.024200249074667002,-0.06562263920622047,-0.043613630027932726,-0.010498734335501747,-0.00020017649508352608,-0.019391571723490375,-0.03455370284017201,0.0025806427001953125,-0.042078807788288985,-0.049204380106769086,-0.0139747060386064,-0.042854198050387926,-0.03998937636384514,0.0035644567120274306,-0.05606464824126378,-0.007663397798277849,-0.0038749736133389945,0.007554783634024176,-0.037942581945020426,-0.02695036848839849,-0.048994783337158565,-0.04350737243406455,-0.04052650439072447,-0.026939572906051756,-0.02449446495089591
2025-04-09,0.14788529560384034,0.11977031526306248,0.10251210486274975,0.021731437224850936,0.13316725695872011,0.1085863574974375,0.174955061884833,0.10765552005698642,0.17269244689137464,0.13773756760817313,0.13918335971195805,0.052649890060872506,0.05950496682606432,0.052363563939013424,0.040994604714899685,0.18334177597792412,0.09321063685227982,0.07674204598431156,0.07996975306842358,0.10988885154920247,0.08814831423099134,0.060106264388862574,0.08629769225120953,0.0920747541234741,0.055361424356660915,0.07965745845337913,0.05437191392276031,0.1059326992564229,0.09869700380979918,0.10548505840410427,0.013774511304201154,0.160527306811993,0.10463347847722448,0.18339764702647843,0.11357236883697275,0.06284923041044777,0.02528133174700864,0.055966110462881025,0.07767388533502473,0.16271711709447167,0.14275536713406045,0.07959018310466082,0.11281214719088006,0.05015416446849996,0.11023100340350789,0.0699708699108732,0.22689989839624536,0.10725280213527211,0.1367717479151418,0.1472012280915529,0.028787607974272378
2025-04-10,-0.061078107907636014,-0.05170070417193329,-0.09187798912593936,0.011221965061816386,-0.0612725990048022,-0.026358534127716604,-0.10249873362170192,-0.0129589602092548,-0.0768951380250743,-0.053346046563337635,-0.05540238187519819,-0.02715417627495187,-0.0072312779068506305,-0.014978190380380174,0.008231151956395344,-0.07521021778832482,-0.037894687524508086,-0.04394405409055013,-0.006053739950222736,-0.03051219281800477,-0.07575212239169071,-0.004980517554937558,-0.03992679983118186,-0.16999751468129598,-0.0383766604611363,-0.012016322164784765,-0.008960577417893467,-0.06288344088149711,-0.05959087092414572,-0.044860507273925765,0.009277473018450166,-0.03942533555443117,-0.054428641315087734,-0.09244148515566208,-0.08293993120798004,-0.017168687421112105,0.018473069869852532,-0.035916382430339455,-0.0263426628615252,-0.08114173664263191,-0.06574843523020946,0.013795602362732806,-0.04600817347804276,0.011265336290803729,-0.049940526652636374,-0.0011677819281178392,-0.07274069589492627,-0.022687822294074178,-0.0654660467856144,-0.046551412832857686,0.00034378132682300055
2025-04-11,0.005530657827794716,0.020141230945248445,-0.030352085301018406,0.0122703077919315,0.011380789213825349,0.02044419729333269,0.00227267086998606,-0.010145258237245658,-0.004715160535796348,0.011035184705107115,-0.005290469909612905,0.01620429818116409,0.020130283014230033,0.01270636076090681,0.03377617153933388,0.006754900916765116,0.020787723932454094,-0.002286743912422673,0.01730075166783629,0.015789738903443373,0.02039222840408228,0.0006787164894588305,0.011861632207431638,0.02874347253314502,0.00717770062054135,0.02189246527972477,-0.003842594801387822,0.017184957314396065,0.011664585589179044,0.0103175750209068,0.01017019622296167,0.02086957848590343,0.01970497451795472,-0.022169013025396533,-0.00018388465907115403,0.029214843663882384,0.011963315510062245,0.009073368999669373,0.019554572778542,-0.0025972778976069977,0.016694922645571264,0.018863833453994783,0.009810942956672841,0.005334507210342565,-0.008135131224188852,0.006819913541199707,-0.00035656236159631316,0.018340552258524268,0.002434157284360028,0.012309741469509472,-0.0034364210467299205
2025-04-14,-0.01152435554630138,-0.014875318183769082,0.04549249558587287,0.0057874989275985556,0.022008856229034812,-0.006473268440683522,0.010204099285933577,-0.00602892377773101,-0.001973913825943363,0.007535046645023691,-0.017423213871687104,0.010352282794939383,0.02964272937504342,0.024682485841660995,0.023072197775725334,-0.008636195611242958,0.04072878904219612,0.0346091415918941,0.008503262992518357,0.012224719881660295,0.02517285596612484,0.009438833288353488,-0.01073394289663998,-0.012580465223420934,0.00788679450378571,0.003094463211007481,0.017199868124389672,-0.004865299082906005,0.0009348108669713362,-0.007681317922198949,0.019909712609039065,0.009199334046146701,-0.007805803626871,-0.0012255182682395782,0.01875347185842524,0.005230960365793624,0.01756381868830892,0.009626629609561732,0.00089944939364206,-0.0009894655706464972,0.019351256971140263,0.015193383608118838,0.0007022984738835891,0.019118307759074638,0.005993653522659903,0.009676823868144169,0.00015856900364230597,0.013251836048685295,-0.020168646216609076,0.004782087290493564,0.00689654151386776
2025-04-15,0.012541937410663673,-0.013891933050343641,0.012774515445869605,-0.013478150562382774,-0.010038851829492823,0.012201485027626191,0.010101027399459506,-0.013344113619672693,-0.008307001033121986,-0.0016497280268830128,-0.027718163120938555,-0.009998358187773282,-0.015361342079532103,0.0014552781648777824,-0.008627192100727599,0.015814512584701568,-0.02677652880189063,-0.013291889680350666,-0.016518994123210562,0.001093136118720306,-0.016119867884905048,-0.008650721602690425,0.005663203563543551,0.0034074571397568754,-0.009333528808518232,-0.012102430004704678,-0.01619524437540898,-0.01586083392780102,0.017123249187877665,-0.004071805609118462,-0.01135827264612288,0.0030384281799225032,-0.011417081484024427,0.0006135110030618396,-0.010467371509461199,-0.0049454712884638985,-0.011504703067003685,-0.006810577985860489,-0.014732717952188001,0.008080475618095218,0.007484510442564929,-0.018307151195984694,-0.020821131421343675,-0.01607963722237926,0.0025085794052461807,-0.02242666295077933,0.0069744183248166,-0.022279873480162138,-0.01624670786810023,0.0184933344136593,-0.00897259374786663
2025-04-16,-0.017445917748151962,-0.029288905919567454,-0.0005913006109905528,-0.01771049436869032,-0.024697344189570147,-0.015523333090844749,-0.007222175598144531,-0.014754045435702912,-0.012764248054230487,-0.011897568855967378,-0.011134609893562741,-0.018946633972381277,-0.013466833715408688,-0.008468643325724834,-0.00045807566820632584,0.006464899670100666,-0.0052910269609436344,-0.007184572192320382,-0.01872101757967104,-0.017419743576804314,-0.011621304557538847,-0.02293074348859858,-0.010552758881341218,-0.053447550083598916,-0.02207836326261159,-0.006005274319432097,-0.027663142008038433,-0.024526694912497482,-0.02479327381223828,-0.01702764896666986,-0.010816670348144708,-0.04207337726419813,-0.02057456063417562,-0.013488615607491705,-0.023344943123095763,-0.022228505085459704,-0.024014066295061642,-0.020360751295389057,-0.01827600891135739,-0.008636260296791987,-0.0059529790429286855,-0.016663246967761447,-0.03524067545966458,-0.01704284922744015,-0.016734389285637863,-0.03215682773821982,-0.049427403598542585,-0.023737049587890358,-0.03694896054057317,-0.015620824157223323,-0.014652001453564045
2025-04-17,0.0005326487830152882,-0.009866352335440198,0.019719976692056385,0.010263890979372192,0.039242000672087274,0.007150772010853901,0.006715104994360566,0.0018718039613820903,0.030707079954821692,0.010312760520709174,0.02572317620102793,0.03156373275482194,0.009713379711488779,0.011876515699734247,0.0120667054167789,-0.009307289630843263,0.024468185851365787,0.007914959211465566,0.01720598097160586,0.008731974163098233,0.014841946611070078,0.026214705852595,0.006504320794147311,0.007487064778807007,0.019170877400957576,0.015707970065943933,0.021407572330173874,0.006857307404058766,0.028562420592652682,0.007404468636012851,0.007117333838522866,0.015460314413631604,0.017538687124209584,0.018023555340493047,0.04126979892703808,0.020590469484023544,0.019452338373891598,0.022506912606311547,0.01626019236187637,0.005164300886100204,0.02202428003695278,0.006850432859567768,0.009162928891238487,0.010371349819522813,0.012247489498987019,0.016207393646573198,-0.0007452201709629014,0.023341639485079613,0.016428266641116407,0.014105493772682776,0.005190334678123243
2025-04-21,-0.009671662532441894,-0.030647084568839134,-0.0139237559225186,-0.009499171839101206,0.002259113313159311,-0.029667813832687462,-0.04168982821245382,-0.034046075399390974,-0.019992168730144755,-0.05197526971660027,-0.020062412737038682,-0.004041258572942907,0.003278016006427187,-0.015732663456595075,-0.009508096164635105,-0.029639439323700945,-0.016614711885830413,-0.004038580307997086,-0.01998245019825773,-0.019831062206562944,-0.021082603396993083,-0.022982078050816424,-0.027845065567839278,-0.03498985345986383,-0.009739329220670667,-0.019509838425851855,-0.028447489332874443,0.011271315160173323,-0.006408183352081043,-0.021414641344406515,-0.008287760705500746,0.0006920573711997058,-0.026487497867722087,-0.020146516520981983,0.0064562536801038295,-0.007820505480954698,-0.016104746883091603,-0.019378586216928784,-0.03164086391791088,-0.01650322712622021,-0.011912880228552636,-0.029649780015215788,-0.010061378101852925,-0.02852216401319385,-0.007228129479085577,-0.011363642440859079,-0.05746362595919796,0.022138402313722993,-0.00962582811617807,0.0025411273377937693,-0.019538058475187192
2025-04-22,0.02956727025993544,0.03502262189247651,0.025299020560237473,0.030656364428948146,0.020447597291338715,0.03615665359140552,0.042923421168361786,0.012250154949022596,0.07000000000000006,0.02787797160952432,0.027716031217816406,0.03477969651839241,0.03816181161343635,0.028314742806526905,0.02163653891941597,0.04268087676640775,0.01900726315559309,0.017346241445094224,0.02799141930156357,0.024514273864838065,0.010865315760222982,0.02170653428477065,0.029571362557925918,0.04363871555909271,0.0405938971311095,0.025479247427727447,0.029609478724373695,0.03071949777665539,0.04238317112259726,0.022717712176729243,0.03355782026319298,0.047026300372190244,0.04191259768173872,0.03489105295394257,0.016749850609662387,0.004637064869627228,0.018297418451957537,0.08355710619705414,0.03412465468096948,0.05361196930852952,0.027200582262381978,0.017713449563234285,0.013262306203506657,0.013953844150711214,0.027540339564020577,0.013914127513944052,0.04602198338770602,0.03555117872023472,0.029448014088510055,0.026814308406638343,0.032310970694317875
2025-04-23,0.029327256198658835,0.042845673527805994,0.019701656810329204,-0.007217249031394202,0.0014200090070188853,0.02891420466204475,0.027808677015005667,0.035244159260943375,-0.00112152099609375,0.025932856662853387,0.0022552668416986332,-0.0013604201346835154,-0.0005348373056677236,-0.004342411302873939,-0.006264122464782251,0.021840147629952567,0.013471557972068116,0.015057570896853889,0.01035230991377123,0.012643007798156969,0.01132436085060573,0.005614685270578512,0.02240791388411867,0.011529592080161022,0.001396420296258416,-0.0030761571410349298,-0.0007343011703305757,0.015819092826450776,0.01296409241340779,0.041706361367518596,-0.001880317760139416,0.016182290621092,0.01344080114499513,0.02347979381803178,0.005783357744716611,-0.01169680686247554,-0.00935744273314032,0.0016849748727763014,0.008575690603318753,0.03921469151567614,0.014027341160259388,0.002393182387686821,0.01296625984905786,-0.001670512022651116,0.025569904150337663,0.008949861159244232,0.0536622440095611,-0.0024560254585273,0.027830708172123186,0.027803068924087793,0.007652547492783768
2025-04-24,0.028998988337630482,0.03289029336584037,0.03282686090638087,-0.011626211650036744,0.039861332598843724,0.020490359682359793,0.011904828255017375,0.01599677237170205,0.01684134635117851,0.03327997515341319,0.03740856672393833,0.010016828011005341,0.004301480022875337,-0.006591672710968055,0.008554684486732134,0.020989280291188628,0.02862987404810391,0.022687586201081578,0.008179796296566177,0.027240358713399804,0.14575818909174432,0.009034346230278656,0.018573509863348825,-0.0018237498634710025,0.015338847115009324,-0.11559460690371914,0.019700627540139015,0.018017710870605663,0.06486325538341808,0.02815613242771886,-0.0070962035821575675,0.021124459176479204,0.03353543953581828,0.008823506972369,0.018992883565235097,0.009005962153478375,-0.02052152397004625,0.01771225713311475,-0.06663211970196359,0.018361434954364153,0.035853748213136694,0.012371549698042994,0.012679674101275795,0.007968153246552312,0.025833605924713288,-0.034102131214178044,0.0349764859229853,0.02168158694641953,0.03783924341177647,0.031222362451483354,0.009715290152051193
2025-04-25,0.006573026520216851,0.013133978209558528,0.015800924631047986,-8.860255908538228e-05,0.025909140506617412,0.002168551734674118,-0.005347613764161596,0.04521594312420474,0.04674274767013187,0.0028842713524834807,-0.013194749790682914,-0.011742272636930506,-0.0007992787091953835,-0.006685274005034714,0.009375097601460602,0.0035098123182217833,-0.0019880796016684688,0.004906166764773179,-0.00384320718500597,-0.0007533217619636323,0.010270065974700593,-0.00572802021875185,0.0011852664194096363,-0.00989649090832423,-0.014557786733170541,0.004025778760456955,-0.005133976014324637,-0.010124226291933991,-0.019666758404038198,-0.00025395401282635177,0.0016443990659449348,0.00795671544853449,-0.020439924461300718,0.004664718687201308,-0.01470591421944023,-0.010558448186455904,-0.003823471013610802,-0.009431229936696983,0.010010342973862274,0.003123434725297747,-0.000862959536036656,-0.0015721224287060798,-0.0005962514037056721,0.00047425657498534335,0.008491959644846947,0.018775475281810783,0.09803091011549903,-0.0058559305856942245,-0.0013869977776993503,0.006496643806993996,-0.001897223476820975
2025-04-28,0.006448460548134305,-0.006825802991833552,0.006257794961762375,0.002377126446920119,-0.0033968584942368762,0.010646025979655471,0.013978506642444044,-0.016994926113629405,-0.013361500034438256,0.0006391690428613206,-0.0003663422898887436,0.004897226690920853,0.006275941887658343,0.006378648793268216,-0.02226157400270956,0.007057740783548594,-0.0019919435621451598,0.002759536876099533,0.0075446035561499425,0.008393637477842608,0.00573858952155426,-0.0018457143239900553,0.009015616580425379,0.0012302296256563316,0.004831445123446354,-0.00534621670053137,0.0010863710578814523,0.0023142782057212763,0.004179437318176049,0.0030905802716987285,0.0002210185009248189,0.017050805395574242,-0.0009357733783610378,0.012188101996550182,-0.005379999852049511,-0.0043937178900431695,0.017193749062255792,0.005300365157613118,-0.0008916401355124615,0.020474553170846566,0.009047080651061856,-0.0024336387384378266,0.0010739478405121794,0.004503785571206231,0.005516917895516338,-0.018429453532553097,0.0032637046356942534,0.007219717248488022,0.008929101282670882,0.00109606171406873,0.003054964481236322
2025-04-29,0.017761514661864375,-0.0016515586767922308,0.024342622180119955,0.024058100167494878,-0.011855361426779232,0.003942741277971562,-0.007953421051141163,-0.004911591208359711,-0.0024946434838383214,0.01783048093284889,0.023270736417947857,-0.0033554457462792175,0.005686450126579201,-0.007735628241455128,0.013268939998999807,-0.006760218516367988,0.012973910131388378,-0.0063506683613663295,0.006296839543173061,0.01729552477821028,0.0037496098083498186,0.005827594368253308,0.02170574425452587,-0.003839655930831798,-0.005270451526363518,0.011824895193333518,0.009586300856824215,0.0102413232255123,0.014705918389024797,0.011564653566283667,-0.0072914176196811065,-0.012728961784098769,0.0030907730769897945,-0.0034404456108726444,0.0040132557041900885,0.010452583000737148,0.02121645508288439,-0.006639365079080695,0.008821599703650262,0.0012482106269307014,0.009011008158358313,0.010116899587833572,0.011322916912773318,0.00707937865376751,0.011261858343826203,0.017755095369194285,0.021512501019458785,0.009859221443234034,0.0056378697273073985,-0.00790745841251761,-0.00040609493177334866
2025-04-30,-0.02844848000316147,-0.015849304820837684,-0.010234174101852234,0.015560303713722412,0.00014999606738852478,0.03871282969750456,-0.019775464991434788,-0.0025666547719414012,-0.03322616337194162,0.008680665686331634,-0.007699888902793495,0.01274546008172095,-0.006201473283740433,0.009153968405512636,0.014285890151536806,-0.020106194953963263,-0.013793064659214815,-0.03621636274327966,-0.006003697795469942,-0.08441945355743596,0.005359772423444431,0.004150437381324812,-0.004107631933196743,-0.002929423984247226,0.00957421530438518,0.014873779218793848,0.0012988457051261726,-0.0018431821441730056,0.0027344468165686475,-0.004547942459920407,0.016375150928277904,-0.010691828954248694,-0.007002801220218791,-0.07767540502352632,-0.01981228611201924,0.0016601290833242466,0.011413421394464551,0.00825641673092048,-0.0025858152986391048,-0.007710747320823219,0.0044652675171528156,-0.01264376149540325,-0.05657037628558437,0.0050769396601586525,0.008709343958307691,0.015039146457684671,-0.03379788089732105,0.013811696728859735,0.006975276185087642,-0.015205431462582686,0.018620055618051357
2025-05-01,0.017142421248965478,0.031341496782804956,-0.0017525812550219788,-0.007888208954158538,0.00524814710725563,0.0004216653902879841,0.015812377631730268,-0.00395884325271656,0.005173736133043061,0.0171600267980061,0.0027068069783178217,-0.006252909014830554,-0.018312679056712855,-0.0038875537363918244,-0.007189053219559649,0.006563527926962465,0.01698308593096387,-0.004199887224780485,-0.004678922351954551,-0.0004815986527648697,-0.019224617033758662,-0.0060750895687921025,0.0381852198696242,0.013143629166349147,-0.0038670094726951376,-0.0020937133295995114,-0.00554656578957069,-0.008014118987339724,0.0038178697792377037,0.022508184147191246,-0.018801715182204526,-0.019071789306479237,0.0009402771561433099,0.014348068146244009,0.006382922516271927,-0.012750919311125153,-0.005313755892470184,-0.006726501017218722,0.010950314720024723,0.02726721113606634,-0.0019560191077340194,-0.0005036576000225779,0.024484675350701757,-0.008159778916268623,-0.002264807889948539,-0.005333878813843396,-0.005812356915055328,-0.0068497165916454605,0.008739600523384183,-0.0033619789035085335,-0.012230727433565347
2025-05-02,0.010079832097952934,-0.0011566836184702112,0.035287959419549875,0.006271272017601026,0.015363977751331914,0.019870803867868325,0.05045628429426818,0.02464232285347845,0.022058766812190767,0.045310904831428855,0.05228116018701323,0.01725925694270325,0.0066889068071502855,0.020164108711046236,0.01374316710097867,0.02424663077435074,0.009823126877437804,0.005549394092606796,0.028119642172218073,0.026769461573388886,0.01713068147911523,0.01735974195297829,0.029091392690525852,0.018162431354949993,0.018578401552893586,0.0317335786061288,0.021905338956225373,0.03261347374903223,0.03422982885085579,0.02262758946868204,-0.005356578803678791,0.035968849029464955,-0.016533532712938226,0.06826571923288927,0.032241048411670414,0.012666845046540143,-0.0009376858410982125,0.02522332069836053,0.0348912207765566,0.04158173458633918,0.03616773665254436,0.011228798134415463,0.03267900316570871,0.012379584456551962,0.032203269139512214,0.00973186602350773,0.023848576584252656,0.007329562355879782,0.030419650953502853,0.030609684168035445,0.003633845114987766
2025-05-05,-0.0029538778562340218,-0.01910722026349243,-0.0032220186107023707,0.005116688444142037,-0.006023235205948385,-0.00224490599814553,-0.000510997906887023,-0.030062122002982306,-0.006474762689460456,0.0015115196456634283,0.011886432021795956,-0.01288193716988828,-0.013969966055428329,-0.0059346055102721396,0.024927051979902748,0.023672648799459406,-0.010700432412864891,0.0017660937041708014,-0.013218055486634794,-0.008499347654539968,-0.009068862197896821,-0.0076538105753276575,-0.008053101209587687,-0.00629588029844641,-0.00898369245551034,0.0030502627277075867,-0.008803204271789267,0.0042904618699697306,0.0063041765169424835,-0.008818717224311379,0.012052843898784582,0.003127944435955987,-0.03123511506546306,0.0,-0.021164046478805543,-0.0066802138896687735,-0.0136664930420074,-0.0075627429528886125,-0.0014673841965908707,-0.005218519428940027,0.022267106160715366,0.006975551368854749,-0.03577755341635025,-0.00208957137188881,0.007284195914231795,0.007867904234685863,-0.024198258752220814,-0.0038401986383551634,-0.013515185612489877,0.0059402046107568385,-0.017165059619622114
2025-05-06,-0.025782698666343418,-0.007190832051464091,-0.010037430500861033,-0.007556522606747107,-0.014484187458942643,-0.0055382540733652785,-0.0015336799650280675,0.006998646282050602,-0.027878364748994078,-0.07444008637039456,-0.01064820516126952,-0.03015835896195551,0.0034529998874175405,-0.020623607789782228,0.0007111939287918201,-0.005373755758238619,0.026548686037745295,0.0017628114582743937,-0.014153315760738416,-0.015829579823571027,-0.004412478772653938,-0.006496625371117504,-0.009917986495268427,0.0012068461298806454,-0.027561578815607612,-0.0017739414917700147,-0.0096807491937283,-0.02782265424387731,0.019705727087186098,0.018967128156769597,0.0033891737745510575,-0.020268151690540193,-0.0007888171218601858,-0.005757074072435087,-0.005405395271203206,-0.01629644268120145,-0.0003604483915289336,-0.027298159472281425,-0.03559295917264671,-0.013814239840869158,-0.0026071441815046503,0.0009895115881997096,0.013715365934871215,-0.0037227304297239305,0.0002727987732107362,-0.004293565963253032,-0.017519458684867262,-0.01813384499107784,-0.025127822102884445,0.006507512209708688,0.011597724746649218
2025-05-07,0.011917519515561414,0.019998985551532122,0.01254510327314673,-0.00039497533000509844,0.025494807212711024,0.00656091907062839,0.008192516220519863,0.025416973069570803,0.008938538834576626,-0.0690126509655753,0.03237380136163881,0.007302259679231149,-0.005860404017299481,-0.0025188916876573986,-0.008527499823362095,0.011109106570450056,-0.015325640314611255,0.0002200478583047616,-0.009058279916770218,0.005984798123545687,0.008371670936171416,0.009377249340193572,0.02138717800571288,-0.007382936159201825,0.015160083835708882,0.00025389843340861695,0.002242051981148574,0.018057661997296748,0.01984025845187376,0.01599464529837613,0.004229883783553046,0.010184586061336542,-0.00532853074448858,0.0023160976907055097,0.02769984879473375,0.019328911993508502,-0.006165980764477275,0.004760060138408795,0.0015236725342826496,0.010727410854185493,0.013406989185992257,0.010027541267326301,-0.0008456240879329835,0.0014789976612030742,0.019642635945365194,-0.0011760218628751318,0.003159597232260225,0.0142583788934465,0.020918306139070975,0.007183901729953757,0.008092765413730163
2025-05-08,0.02655942633299846,0.01785806262143419,0.037169085360911014,-0.018905166639594517,0.015209168057410016,-0.0059600548215476,0.02844080501540658,-0.003679291807797136,0.027316344294943562,0.033730725099806236,0.039384429192388826,0.008715481991378393,0.0002937738643062904,0.005050505050504972,0.011467827954580567,0.014589373861647159,0.0,0.041345841151982476,0.013970329724272368,0.0114204250398795,0.00569748625475941,0.005816639688321024,0.00633146487651004,0.010170094509302396,0.016325056598983423,0.015989785790640587,0.00433985613414456,0.02444771364463061,0.004547662510143935,0.01293015352966198,-0.014585323471829281,0.014807791957899497,0.04275791099312465,0.03292892619353904,0.00494712465738778,0.018618455944179546,-0.01301800856905544,0.020134188177823864,0.01977760834704201,0.02118328678006387,0.0461787991312268,0.0023771494940199034,-0.006287029106805453,-0.004352857391891063,0.037324494878948844,0.009026632909884702,0.031134624811778533,-0.011256591928160531,0.020616594852723713,0.029362737868283473,-0.01003477355133886
2025-05-09,0.00514282402894084,0.0051020185245573835,0.014072992992343103,-0.002993417219350869,-0.008210868949459438,-0.017952617188827902,-0.0029629365897473336,-0.0336248691269696,0.0071865168339109164,0.0030607648559477507,-0.03622037058012728,-0.014615613792940296,0.004362201925732112,-0.002964805718043362,-0.014880961104454582,-0.07296286350260228,0.01459149874481569,0.003167917402839615,-0.0013607557899341094,0.005356803708075564,-0.004208449739098397,-0.005892664728198604,-0.0006990490321303611,-0.006761901682960647,-0.00848776645211513,0.001748681817941966,-0.00988952807802812,-0.009418276143082882,0.0007545924361342937,-0.005129143040541462,0.0006060987573850429,0.01148720140015147,0.01141658206901397,-0.010067024959492854,-0.010354832584390294,-0.010730871791878482,-0.0005955319788388813,-0.008610644035163317,0.0009282662874772196,0.0018038313672656958,-0.010856165307210786,-0.00760273528123423,-0.022995468380039075,7.816118988590581e-05,0.006061420057536626,-0.002333672631184003,0.04718770485146129,0.01012266456885813,-0.00360495887410639,0.015475292295029197,-0.005743949362308931
2025-05-12,0.056438962111684754,0.08070031092964336,0.08003871206663149,0.00014193718806310152,0.06565002666065078,0.024139835279513022,0.0960871013072282,0.02091707713790303,0.07313589678352161,0.04675240644783596,0.041381036993961784,0.03368024790186963,0.006702830824769412,0.02741798468322454,-0.0050352129904351894,0.06759854643159113,0.026264541445031764,0.044421062638622555,0.03892007133001152,0.03421617981698066,0.06566969630732666,0.03826750621726016,0.03872270409968004,0.04478062258400106,0.03599047730354177,0.0473815848424306,0.047331973960511364,0.0873218148933248,0.06534301116606644,0.054230975601309295,-0.0056106735567375,0.06384278389987097,0.04355192351745307,0.08192083576780695,0.07341342765493564,0.032471889234258144,-0.014514365688636621,0.03971893057340714,0.05663739321339789,0.03824055290663542,0.06339956195003316,0.04905819025528024,0.06687419658699878,0.02646362119976886,0.05960773311493894,0.027680381408473398,0.06745790403815088,0.05153375006526928,0.08414949596785704,0.08222459122705605,-0.0022428819944547707
2025-05-13,0.0286118481915989,0.01308471882441209,0.02779023758958088,-0.005321689295217258,0.0054517124924342575,0.01297975097460169,0.027564420853345872,-0.002166997621976585,0.014627677366144232,0.029672028980419096,0.026094489517388686,0.001744103549767173,0.004749939806813819,0.005641372882277063,0.00014453748006371114,0.012675644161960653,0.0047393544863414405,0.017133640622668977,-0.006475909378759526,0.012425531704994386,0.004118358328567551,-0.007939571519174238,0.0142223785738389,0.007240081344859206,-0.0015993124270544667,0.0019048722025878373,-0.008634738883823267,0.021071574251511738,-0.001651325686060634,0.008016037475076399,-0.010355342375690357,0.006924456997212447,-0.0005408796346473288,0.009921699104044057,-0.0030361417393860446,0.0027457333091520653,-0.014041460687797103,-0.0008448147984684296,-0.016237166303233574,0.023123375193539353,0.019961500389707565,0.0004690366602129181,0.014123925681504446,-0.005095335252359723,0.011371759910147272,-0.007776980373608189,0.049280740626853614,-0.00036372737452927684,0.0036823899793478887,0.01712896794632357,-0.007357012522714479
2025-05-14,-0.004346295474478734,-0.005298742220089303,0.009158267844647794,0.0001865509680019084,-0.005151097280713501,-0.008716534451642333,0.010993843558324112,0.03139190729886754,0.005570120371695575,-0.004853421127683166,-0.015536790466871508,-0.033950624365349236,-0.002415318393228283,0.011804869116806449,-0.00028914392468304406,-0.0008856394471232765,0.004716908986904578,-0.00297259330553723,0.025082522913158822,0.0006984603269966083,-0.009418257248292372,-0.0021146563239632377,-0.011757388579175743,-0.02501434624553933,-0.035596646531233955,-0.0014259150961011269,-0.009793342825251683,0.01683787139170234,0.0023629129216020672,-0.005654171744364556,-0.003854999369662715,0.001432642833080422,-0.03264786441971079,0.005170650500555762,-0.01057862863802117,-0.03175354390493734,0.0037326733513982635,-0.04124001455758075,-0.015358156509615473,0.014488611521031203,-0.0008896866825173211,0.00890649385516995,-0.003913360262520205,0.0032868149782245837,-0.004066931721068312,-0.017778632469240274,0.04073991993646375,-0.0020619704554790674,-0.016166058729367272,0.007232172118046609,-0.003842985307507707
2025-05-15,-0.004801772839310492,-0.024161720956264898,-0.019014689277458308,0.030981307462970786,-0.00749424674825605,0.00406213435000935,0.00043498168688094196,-0.003828498401865388,-0.012381917937522857,0.0013209193784919915,-0.0032977243006637735,0.010813465209504658,0.0055459859928652655,0.007617403553189517,0.020968942211426533,-0.017787422262731667,0.009389707516583634,-0.0037766427311950457,0.02607854806222809,0.006680607865480415,0.019322239299302213,0.015611260158731044,-0.0020158081895413904,0.0011796200444511573,0.016056077623749054,0.009587672566585326,0.017242144921973512,0.009878404107659833,-0.0066006315743279975,-0.00410864097537933,0.022699213340926727,-0.01602292878587952,0.0045683186090859085,-0.018004134354654422,0.01085378217712396,0.011027437182561162,0.03349097053400918,0.006956675868468265,0.018715306791557085,-0.005012519275642502,-0.0016694066018351217,0.008164013600087339,0.008319840847708981,0.016930987116834606,-0.00024022443036442187,0.015375608923652972,-0.013978329078298546,0.000875067692376108,0.0002913591258622006,0.0026668959758360256,0.013020177530494115
2025-05-16,0.008845725369224455,0.002047074000553817,0.0023495398780395416,0.007463289621004732,0.013179632722088552,0.015145764925237337,0.01695649520210596,0.005380453004821817,0.012867083598443907,0.024860445178834345,0.007641414857785689,0.019126352395051116,0.018810066459788555,0.0126793966338965,0.017563705198479607,0.0027073397065324745,0.004651180533475685,0.004988032707164525,0.009334781985877783,0.016640256739405723,0.011132833020724986,0.005678278773115553,0.012990591712391142,-0.009572923582795045,0.015893169530064366,0.010446402007697309,0.007657555614824174,0.007775304278804462,0.006881844321966923,0.0064831690403799325,0.013132730183623709,-0.012212799546362674,0.0038978948393997292,0.009429036340336427,0.011378173609071673,0.017082451827286294,0.008415203026900464,0.015958088683757143,0.02325139085033312,0.021230672754108726,0.020178343531587872,0.0067812463227530095,-0.012463956284318511,0.0022549839664571802,-0.005045649005775088,0.015717865428416244,0.0208856061756566,0.00303589651150582,0.012640520720514914,-0.007589721679687522,0.00693637254618773
2025-05-19,-0.010144883307857788,0.0027725440652370814,-0.013477963222206402,0.024706728455464066,-0.029810342698771475,0.011459356449091684,0.0,-0.0009556429157527857,-0.036807851466875374,0.0008910528504022519,-0.003908998402664565,-0.006520872324645821,0.004989413779000307,-0.013796353664784156,0.008212676592165735,-0.007020261053051979,-0.004629647208502563,-0.006750048908718331,0.003264116526807914,-0.001851153960796048,0.014432383369831658,-0.0036765939245517743,0.0026587354104290473,0.010706337854321513,-0.006168457499959423,-0.005639137000061578,0.00085384857571702,0.007030891452400878,-0.002828162409184043,-0.0001463574683181479,0.008223317756977933,-0.008831411273985346,-0.005639277255037323,-0.01868192017642234,-0.016320661741758502,-0.007718720602069573,0.008858929611370803,-0.012834077044884595,0.005080745731562919,-0.005442021434875044,0.011437837784783245,0.008762746399706867,-0.011218874464139161,0.012674384939412198,-0.005433395176629996,-0.0015097348099748498,-0.022544186527114873,-0.00702194717803839,0.0025310771437836443,-0.0021703088036004736,0.0106705844231898
2025-05-20,-0.03272328712281136,-0.010137739138364021,0.002227525007964859,4.637449309763397e-05,-0.0062848203126291136,-0.012517686186189314,-0.020949114318276507,-0.015305131625299673,-0.005410884310564135,0.014838263471553592,0.01122355101388739,-0.01801008560396833,-0.008944362622336555,-0.008096595966074038,0.0022090388692699303,-0.0179466457516958,-0.002790672834529384,0.0035978319077574206,-0.008288670251789698,-0.005563686791637323,0.0026401416396646393,-0.006141688881478369,-0.011854263819912836,-0.017507759600330686,-0.015561730347569469,-0.01724951671787478,-0.013564785970791804,0.010719805652907421,-0.03238011586184608,-0.021413764745265462,-0.004451736564201392,-0.022868924411661884,-0.004741488642728164,-0.03913272221519537,0.00773193197968336,-0.014594919285097041,-0.005509732116789956,-0.017075833280664976,-0.02481004713023094,-0.0190135064088941,0.009111503270121668,-0.00012965264004316523,0.011582504674029881,-0.0007406213761363967,0.0018209640568693786,-0.024759033971723077,0.005057180873010214,0.01050988221386051,-0.010098660311931407,-0.02879343677701518,-0.004143002757903358
2025-05-21,-0.034889942249186734,-0.014455883280997672,-0.00785299742291723,-0.0019457507770356264,-0.014054863739749623,-0.0032707257793186395,-0.03755452914099766,-0.013211585176770124,-0.049302984374787195,-0.001998188994811856,-0.04253334277631804,-0.025268980000078378,-0.025513615357415587,-0.018836910852747746,-0.013913663404450327,-0.019566881762325683,-0.022388126755056525,-0.016729742429098304,-0.022887133953788164,-0.01482130494251932,-0.020396169200701975,-0.01646992482856313,-0.02624209679384293,-0.05151240924813327,-0.03481360171176673,-0.029093509979161825,-0.016778399493243223,-0.02937315608009805,-0.01538830665731783,-0.02487456055278736,-0.0105065139926106,-0.04650457798435115,-0.042690327552953544,-0.052284026359410984,-0.04124043624814033,-0.017856788363550646,-0.011347418780274898,-0.021814166838988736,-0.03717602794592878,-0.045947000596537224,-0.022555380358068033,-0.010114118046822829,-0.030494135911086517,-0.028903832418160302,-0.03393115424708226,-0.030232507879574433,-0.026758222357769146,-0.023286665151097785,-0.026663609955926204,-0.02420813399095134,-0.017446168668589834
2025-05-22,0.0010194862471364363,0.00984492359983613,0.00014937479640431128,-0.003447321520321567,0.008695619572956614,0.009181375338811693,0.017695071390567918,-0.00019693120791830498,-0.003218821465886146,-0.019045802968701397,0.022130315450971105,-0.005686572125467082,0.0036837654183077273,0.0036428349679407113,0.007963097917221829,0.008660730492838331,-0.0038167904198678215,-0.001822964688760087,0.014389675719442385,0.004184498928486935,0.0018105423776730856,-0.012700889999647247,-0.00048626925122574605,-0.001894520549347689,-0.003218764955004727,0.0032193474487205442,-0.015921164599232762,0.009132113360560412,-0.005457732900224999,0.0,-0.006731112789638005,-0.0006375663764298656,-0.0015613159335298166,0.012775913442256037,0.022340784124044166,-0.0009733767993328479,-0.00415906644252062,-0.005247222238081384,0.002345063522846802,0.002733923317048692,0.01292542713208289,-0.002816328289666936,0.011930559456729828,-0.01106614486568469,-0.009157066374312128,-0.007394124584539474,0.019185982671137136,0.013934563677424405,-0.04484277549670346,-0.006448047408640689,-0.006351056673415956
2025-05-23,-0.007285548719615509,-0.010388973643241206,-0.013588228244321043,-0.008496479643065324,-0.011871099966570764,-0.0017054624425598686,-0.008024980059150755,-0.002953873863478562,-0.006458568344296145,0.026285651952231648,-0.1985882624584404,-0.0021026072059855405,-0.003794691408719575,0.0006866754281711351,-0.0031878696395203354,-0.010826316892912469,-0.007662828249186293,-0.011972406016876769,-0.005359015287457636,-0.004911228714015947,-0.00858433255610791,-0.00934099343719208,-0.00697797550558632,-0.01502690200246859,-0.0010447043206583961,-0.007899276921325415,-0.01197762089734633,-0.030268931998061466,-0.007233746929996565,-0.008922418083042727,0.0008272447068349287,0.0,-0.01192338960459205,-0.006880781855428064,-0.021200235537994105,-0.0006802322747047063,0.007019368311355967,-0.0037533380649813486,-0.003888333842009928,0.007214765014516233,-0.012039643485009965,-0.09845649449264937,0.005120880063411937,-0.02994292968039325,-0.02683874623034288,0.0006040312935891023,-0.004984788190348977,-0.008162981514999612,-0.015836356978605637,-0.00483997826071636,-0.00034366318183842726
2025-05-27,0.021148931896817214,0.025026113945093353,0.035422404689155806,-0.034183043900472,0.03289470117827187,0.022303634898785285,0.060674174448077656,0.007110420753640323,0.02022388787077145,-0.006112027863889424,0.07827803853368853,0.023851679685292115,0.008596483878037686,0.04916183986498801,0.007230286642533779,0.03780351469974197,-0.004826181343386526,0.008215261625724946,0.008398700134127468,0.02452763477126574,0.023545425782322882,0.021201545055294035,0.033950228432989116,0.011080755125046027,0.027666809336041043,0.016173215926584605,0.021441127594587606,0.03359506407944868,0.04623116049898157,0.032596016680573436,0.0012080355928536513,0.020414653328895138,0.03452025634464162,0.04445730203989395,0.046817750363851385,0.020414916645401515,-0.009451574213193203,0.024030181558015506,-0.0025141742834416947,0.0642178969620757,0.04429369401717409,0.029360265351326076,0.030924177288685017,0.017979333262522212,0.052426126192317346,0.013682082874356905,0.06939947711644767,0.03505795183300031,0.05688942274509712,0.02288050919524598,-0.004490874192374816
2025-05-28,-0.005641389196069269,-0.006310081665849121,-0.0100877547662801,0.013193857369249606,-0.00969257712509386,0.004314133517699714,-0.02542374456658214,-0.01804279178973034,-0.026902662969268576,0.00829712017817541,-0.04258442941112006,-0.03366812524089147,-0.0029924504971073906,-0.0013548635402342857,-0.0005521834509498724,0.016364617680257876,-0.013579082213845184,-0.019555892532123198,-0.010450192595003016,-0.017420086257340706,-0.01632529710537045,-0.0063174492769002555,-0.009088047396543009,-0.0007941429127638067,-0.02627437413778677,-0.014936351813723214,-0.005712737700190096,-0.01696765877928552,-0.024735801978732264,-0.005900064968837326,-0.006699519005893495,-0.00593937278577783,-0.031169276422040704,-0.03040349543512111,-0.016711818657316746,-0.029197061014960557,-0.002806004075346813,-0.028437926784432133,-0.008523222679743592,-0.018548938816412064,-0.007197182319596762,-0.011253410382813023,-0.01160788543194291,-0.013597982777577844,-0.005933288793646074,-0.02173479799448097,-0.016506435862546853,-0.01020623250785957,-0.013906415505336778,-0.01728980395819979,-0.006523717574410504
2025-05-29,-0.0024092450688211198,0.004787005283780621,0.005612129058573778,-0.014632450474482028,-0.07270691782296834,0.004883773533125968,0.006956515104874272,-0.0067904963982461375,-0.00800288523776671,-0.00972938933378198,0.0282783450620403,0.007496356231309065,-0.017780620682797732,-0.00023385008539167362,0.0046960466705743276,-0.009803332270109988,0.004916439563399155,0.00955741449607328,0.0034143355183671176,0.0045065304566740405,0.007845568528033198,0.000624890393891242,-0.010048665303163618,0.001430617593485728,0.00779097390632022,0.0012428346415478408,0.0018260662547591178,0.00424385221818091,0.01502094560904954,-0.003477917181340051,-0.003132637041343367,-0.0022012483177245024,0.007894951227742864,0.0034207219390318677,-0.005503427047378828,0.013931192307944595,-0.004051324589843364,0.00849451877552676,0.006121277569405947,0.014513534841330333,-0.022628110752369146,-0.005511816026120719,-0.0226743831190952,0.006734261336559744,-0.024620744332128908,-0.001834491440452557,0.004286911755287504,0.011462551659091824,0.0,-0.002309204737573678,0.006217250629378501
2025-05-30,0.004985972161150265,-0.0033544115296213484,-0.018798631930379228,0.011765450093576879,-0.0006031244904467492,0.0030770729748930137,0.002590650532715122,0.007038051317919125,-0.014301477464260137,0.019894378868911877,-0.016313974594620362,-0.0017755905168952424,-0.0014751036552781427,0.002339619036507923,0.009937905466269159,0.006640544183798891,0.015655561960041364,0.02099197142033571,0.0011869732425795476,0.0006409233147290916,-0.0013473647181635462,0.0,0.0007250782991754523,0.023174588642423055,9.427472145073779e-05,0.004717041885907491,0.003556675756047234,-0.0013244912012573273,-0.0014556373487170093,0.0008345708923345185,0.00638111078624326,-0.002521270874888182,-0.014882959795786466,0.002840865680502347,-0.013834612161978566,0.0025769183433066445,0.011419545217432825,-0.005175553152130918,-0.0006649562862769409,0.00994341024451506,-0.003312578360349816,0.008349508981022824,-0.0011898405697147174,-0.0013378308755299662,0.0014024219157269258,-0.011639772934766368,-0.03339564619395741,0.117759979857053,-0.016716309597139545,-0.0020941522580879557,-0.0006941880685035207
2025-06-02,0.004806163699127897,0.007999607012299847,-0.022601325580226872,0.00449232243848674,0.030024105693927217,0.0036203093246738316,0.013781292490771424,-0.004792365608860094,-0.02901781263577352,0.019841838057768513,-0.004833155070702366,-0.009910199840251877,-0.016504212758206904,0.012324351369704445,0.018586861341876704,0.002518729648847362,-0.038535700172883325,-0.038701902345923744,0.013831846613293841,-9.855777868961191e-05,-0.01738863811474467,-0.0008960618303507362,0.0027773403422381993,-0.004033542350656005,-0.009992467401357508,-0.008895492945213856,-0.0009302771410654165,0.01983136550038389,-0.001214753091494214,-0.009930619150715247,0.0019225056174128063,-0.015165862496734461,-0.021170830339889868,0.0011331704360306727,0.022927414846340755,-0.010191221349819979,0.0023254729924866435,-0.004896427750256005,-0.0019627943214298726,0.019301824915184174,-0.0031791226550651475,0.01663218195692706,0.014770762814066085,0.012056667702957657,0.0001272167940997715,-0.011157043357501006,-0.01088145559849063,0.00895092117504781,-0.021884232235079737,-0.030262843340656875,0.004793680906648001
2025-06-03,0.02530472845899645,-0.004548692041520419,0.024349100514288846,-0.00048270674126593693,0.022996842091070224,-0.011525821080083931,0.016567518032303497,0.004614758056423973,0.014176204079577426,0.0042765340985078115,0.007808777051165228,0.012490367799607993,-0.0031544986432493483,0.0016601365008941382,0.01905270618815247,0.008673786948162787,0.021042088955839366,0.02872726511136814,-0.004053949351809472,0.007637364252600198,0.0019831769239633257,0.013914558687857514,0.007907522908088938,0.0319315132274931,0.01552085608880649,0.006482132076210956,0.014544158908999405,0.03703356867319463,0.02481149215811085,0.012212405902378487,-0.0009273955294109015,0.025344851018448855,0.021527163331866772,0.03452182273445148,0.01299332858576907,0.0036246341743417787,0.0010140947142420753,0.01148126727608001,0.017833353678385455,0.01844010444933164,0.021346081502614966,0.01130466100629568,0.016551191364088114,-0.002413747382017939,0.0017820766729002013,0.02486415820169463,0.004610541775392996,-0.0054028072733561805,0.02098339046779918,-0.0005695108202711241,-0.004563393762201384
2025-06-04,0.0045899220343583735,0.007388989179248462,-0.015099449027454637,-0.008260395127401288,-0.002434115406110826,0.01496423989417539,-0.004178870881505925,0.04174156511536653,-0.02153380089196477,0.03055685012891418,-0.00018902269786280623,0.0437684864551009,0.0029707857130043536,-0.004419716791095207,0.015141561186139407,0.007116666123713644,0.004906790264360694,-0.028332700335890415,-0.011506861588597594,0.0022004740745338314,-0.0038063337216565074,-0.0018226966016359203,-0.006650790072246782,-0.005132020194575482,0.03356773839174054,-0.011146910449483238,-0.0017919740237792858,0.0008360418507515899,-0.01851418405456584,-0.009341911035255723,-0.00262494729590379,0.0009386948530947237,0.004274356975128457,0.0065644927449282076,0.006413364321454562,0.02007799994874704,-0.0039939676367263255,0.03243137942273022,0.013328990479335445,-0.0013909067463795388,-0.014051619702624474,-0.010553470744908311,0.01743651458240736,-0.00039016386882495535,-0.004828432747225997,0.005912353109849278,-0.03549540073392177,-0.0157890785111503,-0.009718906343203715,-0.018347585303151726,0.0002777890240586167
2025-06-05,0.028312477977844086,0.0032814165352026414,-0.006071553023078269,0.002208736212475859,0.011339254438191837,0.0024329461092886806,0.007973165533609716,0.008435556518331166,-0.010424728252524718,-0.019933703286629467,0.023721786165249004,-0.006395215116441366,-0.012620497134475883,-0.005502901463150245,0.008300900159722513,0.02096335770258828,-0.013671815700944112,-0.008810576577341744,-0.0009502553506686162,0.002585990666936766,-0.003820877255600763,-0.002215554879036241,-0.0038487410626915075,-0.007737856287264311,-0.0015422561930421574,-0.02379751983508882,-0.00350279370329587,-0.013156727915476174,-0.026360343236047967,-0.008093747094520931,-0.008312726761261935,-0.021881802456991784,-0.002375510904378153,0.05163047731711501,-0.0015931541833530405,-0.0022743305699903793,0.003812352373405936,-0.0022577941256822776,-0.0031349013593449104,0.021683402087106396,-0.009861126554227995,-0.0018944634699702423,-0.012711414582040614,-0.005465796342656648,0.011491354625469796,0.04276450352302841,-0.14259893789082123,0.003006601349631488,-0.012439866712375292,-0.0336661428654178,-0.00784660556298955
2025-06-06,0.0244009488479886,0.027223334916139486,0.017715271430144286,-0.0016133171641165012,0.036332617732447225,0.009654866849466703,0.010824322394956454,-0.0019011117304554848,0.0039016927328971995,0.01209229361858255,0.008308729028937645,-0.016294606768853193,0.017781441991781444,0.011485172736646065,0.011191185625019084,0.018283527971336255,0.015841568452379162,0.00785568489530486,0.0011187705169914963,0.00958731390726375,0.017490018169851407,-0.005280579000967456,0.017466882587711785,0.004740023721117037,-0.013901467302066872,0.0030792642577854856,-0.010193734798366605,-0.19804707058280935,-0.0009934700073915836,0.02240101373661041,-0.005243140582441463,0.018216672360062525,0.007242739566506007,0.010852665650268323,0.0020743748510216875,-0.010833379993247072,0.004315518907987759,-0.013872450246894319,-0.03686180964432606,0.01820192539610166,-0.0011631561632029497,0.010967389484818346,0.030463289929365533,0.008479188022072481,0.0010142538211541652,-0.009912577816671986,0.036670186138995975,-0.0029975887951143587,-0.0011393384013738128,0.0007208696483449462,0.013647794524094037
2025-06-09,-0.011589909626609884,0.015966607137600786,0.00825334719080506,-0.005850660302309185,-0.003697624272432476,-0.013393576555166486,-0.0028830972072976246,-0.026095217750185973,0.03925379894484249,-0.004394559251495789,0.015473378708275476,0.015819146065121137,-0.0005552533701740359,0.00997562718302114,0.009540770820210875,0.00039644329776167275,0.00779726334516595,0.009690311199571644,-0.00015962835157878885,0.004049150880923946,0.018848009736911253,-0.005798531138473617,-0.0029270608026626954,0.02267535967934009,0.016953856664022826,0.004860543002489726,-0.007368951172485594,-0.02348543267903902,0.041770269870379906,0.001129344529813503,-0.008394022303568893,0.019146283699485123,0.015563454327227833,0.001533777477741971,-0.014171964975490225,0.0031040876239043502,-0.021499246471857747,0.01237145598090117,0.00393837848598988,-0.008504038990585272,-0.01630259226471198,-0.011404744951942769,0.011490392529116988,-0.016348762351214963,0.003926601646248473,-0.008441309712763134,0.04553761352840424,0.0057555033748648565,-0.006717348150152236,0.01680664880185545,-0.011668869847682894
2025-06-10,-0.003237155355905408,0.0029035159702168745,0.047328474320996294,0.004351636242959422,0.02969077952650423,-0.009284413742719932,0.012391621468568648,-0.009974616185731033,0.05703065189168122,-0.011586758971966371,-0.008204883527744955,0.0349775855047354,-0.026626836779713225,-0.01593081496867088,-0.007434525740265596,-0.014494381323559624,0.025145089462765835,0.020863759516646985,0.010299408507204344,0.008785836526197244,0.018943300060350943,0.007420567810775047,0.005831657552274105,0.019196443067116542,0.028812202207365134,0.012219947992700098,0.005724246571276126,-0.0020846530540019614,0.014081148713645852,0.007934478724681338,-0.014272610148101106,0.028333789170254642,0.02754611066263024,0.007656948308418343,0.031658844924946195,0.036430017892058686,0.020436119966607436,0.035084261105556624,0.0270243002802808,-0.015657426111348238,-0.008656503262924775,-0.011816182808801146,0.008382068507538198,-0.0024534828835572897,0.008200876966438786,0.019204142802150992,0.05674382827003055,-0.013046668460847233,0.008676793177800901,0.02325857487228644,0.005449202058284142
2025-06-11,-0.0036085450982240586,-0.020265629565462184,-0.002557912436411347,-0.014805155000896408,-0.0301695135778145,-0.003954131645838577,-0.026111765959687006,0.02311343359009066,-0.012913489439233428,0.013164636065425839,-0.01881817904385652,-0.016779619047161076,-0.018858801424167737,0.0067992656866457946,-0.011298710518947042,-0.004251351515306645,0.005660326771994351,0.01921108973730279,-0.02560453485323122,-0.004711547008283801,0.002759657888411926,-0.020249550522886572,0.0,-0.009636385651925594,-0.01805375387070285,-0.00955727538882134,-0.014629344546497669,-0.02406190027351307,-0.015297752417089638,-0.0073869979227234595,0.00429387403512016,-0.004791849366182155,-0.011610376898130492,-0.033434643113712914,-0.011899144109016158,-0.013801157657381435,-0.018536658654596083,-0.015328980926657465,-0.0206652953632529,-0.006451689555792117,-0.001156783465537714,-0.02634210731847808,0.04331181309477139,-0.011980340568566672,0.023025857259009186,-0.00330221776334394,0.0010426457165473302,-0.01133681731517544,-0.015939305345826327,0.009807297704843565,-0.003543597229880846
2025-06-12,0.005432420782722991,0.00018765734284498237,-0.007266022488832569,0.00680040185284736,-0.0015141588922417126,-0.0007920541966233152,-0.012568124585738971,-0.01737790133170425,-0.02114695916325504,-0.005509627784334836,-0.0021310419372115863,0.011457417940453407,0.009174348403680144,0.0006431726504623203,-0.005649651098214581,-0.009346932307394362,-0.012195132861327118,-0.01223181518781935,-0.009489097886305031,-0.0035384950790716685,0.0066627908223158006,0.007490462939124143,-0.011792972759925302,-0.025357528737610213,0.005829570402575479,-0.008633827916860515,0.00857397944112348,-0.02081021097749758,0.0016730328529859229,-0.010636648117845593,0.004772644954196936,-0.0027084006568672825,0.0005729878628435436,-0.018867956592823587,-0.00491208002365584,0.012300300300300382,0.01155428164475869,0.007058668015934577,-0.013834336496012845,-0.008322065009185642,-0.0017558309396423777,-0.021409180893118607,-0.011217105584134579,-0.0005621111018260239,0.005504549825592564,0.008380438387585176,-0.022424432461661592,0.011948249207809791,-0.00494924966832877,-0.005141647229231716,0.0039048709594426967
2025-06-13,-0.023557411785708138,-0.0053460859139069505,-0.034873712608110896,-0.01109548153560036,-0.04052936981327804,-0.029947236179556858,-0.04921509810909486,-0.01277260206283004,-0.06407909316081761,0.010895662713987564,-0.05775295977304218,-0.02503165467512858,0.006432765142766694,-0.0014232476106169623,-0.001033081463488017,-0.03535231318180776,-0.00949662206374946,-0.012383207804285479,-0.020060566636700083,-0.033926733941825105,-0.024316581890737377,-0.023405661180432635,-0.026621425215338945,-0.018151519243130854,-0.03156487247014805,-0.023565624028371035,-0.027874701241785482,-0.032060876039679886,-0.03769978578167388,-0.031303442423941674,-0.004123235205502951,-0.042546767452643186,-0.03187932084477796,-0.050213603695936415,-0.03614650454365076,-0.021749654248249706,-0.012520585957590757,-0.024387919798711244,-0.02342559236836661,-0.028788710713055665,-0.026160329236140423,-0.012137522307418824,-0.011238311726287198,-0.004419053723357269,-0.040024250708967535,-0.0038654958726583866,0.019429076154419578,-0.007049670868413016,-0.0054905423301544465,-0.033191677957709165,0.00020836826451708923
2025-06-16,0.01232118570501095,0.018859028217320217,0.02869888929629405,-0.010824733630963368,0.023419610043259764,0.013336181590001717,0.06381081280287981,0.045780238061702505,0.026995326622639926,0.01265066189594899,0.021186379832115687,0.004631131673256128,0.005086848040682268,0.033379285088900756,0.004524282204753094,-0.006158330268616563,0.018216641881497964,0.0127440680871298,0.006851601710672339,0.012914716620983313,0.0289042789417453,-0.0031015792368953576,0.014228313724901298,0.014481509150806371,0.008102369394332065,-0.0020985839086817837,-0.005477067326394303,0.009117112083211198,0.06149267120356772,0.011451422040239967,-0.018614802586923496,0.08099589448160094,0.016168780289008255,0.043307003412737854,0.02263345075517531,-0.0006116971744888344,-0.019908807058381828,0.007971636205043708,0.005434431835887432,0.025689728873866002,0.03885340904597934,-0.005309155666490262,0.002359009389488964,0.0029052777848244116,0.06779873559542149,0.0029103164244697055,0.011742668079331553,0.027811025633714737,0.027214776564697285,0.052506511676426726,-0.014305538601345535
2025-06-17,-0.027986381523087522,-0.005923177895162723,-0.022838997168036723,0.00041074401175622555,-0.0258318483729979,-0.012663387473428434,-0.023489910333813202,-0.0220784131556665,0.007619076683407666,-0.010553359414510632,-0.009842677507479802,-0.030165817314227295,0.009527971077032404,8.900281611423644e-05,-0.003989159210474047,-0.015916378758720096,-0.018832373956716664,-0.020093396981302414,-0.009709528372990106,-0.030109844276094644,-0.03253542715043245,-0.013519625558048864,-0.0015363043195295578,-0.02156413366514154,-0.04457022243575326,-0.02339640820789657,-0.019252145625961004,-0.025239324080335246,-0.02476060124474433,-0.006630186618578837,-0.013432822138937262,-0.021282785961335482,-0.04501794317829455,-0.022641514478061953,-0.0306946927147419,-0.031617770360913955,0.00771675310918174,-0.03405083983810153,-0.017110204839799747,-0.00883984894196077,-0.018089828636984162,-0.016012130708782712,-0.020218302858060255,-0.010139169074373955,-0.01780204084940351,-0.013735714902994633,-0.03882963749794621,-0.0004025987210732884,-0.007714203400486119,-0.014898416676720094,-0.013738177502477966
2025-06-18,-0.008997503127954665,-0.010706651956707725,0.0008876507299220293,-0.00028297325923021255,-0.009935714215643876,-0.0027900207708710933,0.014175254036627116,0.00875828636793674,0.04914930811200757,0.005424141687027095,-0.015690484365801116,0.011340899192106235,-0.026178145947035047,-0.009031047203136855,0.0016795510446405704,0.002901421104791302,0.0009597148568729619,-0.0039353486228848045,-0.003854848549520007,0.002629205560068959,0.006370374891492947,-0.005017489552511245,0.002388939284020175,-0.0015520483260507145,-0.011471149842792072,-0.0078062154405385,-0.005143433122444918,-0.02784865279228388,0.0007185336358532801,0.005191204172117159,-0.00916832369116638,0.011021713888839102,-0.004470206644742958,0.014340884772045426,-0.008166694641113303,-0.0018962371384995125,-0.005405443022944767,0.004254438449674991,-0.0017513134851138146,0.020619749829598355,0.008966642033626293,-0.007748934338257518,0.007533600491266723,-0.0038208374322489247,0.01788298319643422,0.02059629749879921,0.0180179597897272,0.00362478315861825,0.02236672356747449,-0.004239174179219485,-0.01164372325774421
2025-06-20,-0.003329064443534424,-0.013316402099383007,-0.009015675101022413,0.014346699576192279,-0.0035419935891018994,0.0033615486788605153,0.006776782857936814,0.01832909347251821,0.014414400667757565,-0.0005439981693327045,0.006831707340655857,0.02407650229498337,0.0011415488465349455,0.013602688122544837,0.0011608921540340322,0.014895962507299076,0.015340349255091645,0.0022873905178317777,0.007571244853111114,0.008623254809692504,0.010304680481340256,0.007463321173965198,0.0052512646008171515,0.06591011570160887,0.029107359968415958,0.007325025862529255,0.009106854585543722,-0.005160694105749486,-0.0023934532561701305,0.010328907990206693,-0.007492364020131093,-0.005008785380784642,0.01571589906215043,0.025557435361726277,0.004705135303168406,0.025541325238394696,0.015511806513992976,0.023502136830736875,0.012350838644462625,0.017215684106937967,-0.013629074321924839,-0.0029676288462008316,0.009102773931479735,0.007834169065613406,0.0010684231904980468,0.009417676147664533,0.0003416111576173275,0.0008237541829856365,-0.009972613308205092,0.0181796586708578,0.005059243604757624
2025-06-23,-0.009109519374191577,-0.005818118205440093,-0.008053704563003583,0.014830387346388862,-0.01703190097244278,0.005541095715752009,0.01135887473975572,0.018946571108907406,0.012433406259775959,0.04472466801268293,-0.012292260497488439,0.03590987780559929,0.023095122966503956,-0.019665171695507078,-0.009791318079590439,0.005701130601459825,0.015108578385903959,0.006638997712843597,0.012691027094129392,0.008649622688075231,0.02870466704856245,0.020994212117159794,0.01398374877040931,-0.020417114366482636,0.039560205034504525,0.006194439418797604,0.02735608613028795,-0.008396727708530616,0.00647793799872276,0.015065847547462985,0.007166206149824106,-0.01539829584586594,0.033658178591457144,-0.01378580172150845,0.016557916852488752,0.025318734433687595,0.01750473466482383,0.033310310562294054,0.018854854597781356,0.004735775755248195,0.0241898260573834,0.0015665746103641354,-0.008376357234590404,0.010202446447210356,0.01683858814316297,0.02170600494501551,0.0823193093872907,-0.004832770951619714,-0.005980842169130529,0.013673851437260298,0.016755370861220698
2025-06-24,0.012410902722267192,0.02062648355436747,0.029168467143304122,-0.03558392647336406,0.03721551136195789,0.027901432996754405,0.0690515717218596,0.01617706891650106,0.03894738983689683,0.025399403693538547,0.017722010514040765,0.0075392600116084285,0.005157264799035222,-0.0023041226857950514,-0.03265680609287458,0.020504123424844423,-0.00186050769894619,0.00989281817204768,-0.0007420559535475935,0.01655594451742881,0.028045373933816453,0.009693024583937726,0.014226822501350656,0.030370715663805115,0.009581566046312773,0.0077623370125692315,0.006450969282481678,0.03267421172618601,0.016209780519873762,0.017492809401415954,0.0067353284091868915,0.028571451516975932,0.010011726634811868,0.043010710787809936,0.010529769702240177,-0.00839060531102509,-0.022792042322656525,0.006103952302931148,0.023064359016124802,0.024810028963153874,0.011975731417668944,0.00359739637594525,-0.009096776816157837,-0.001282491658942564,0.017609354358372853,-0.002795406751871954,-0.023545920693855638,-0.014992805498393214,-6.330044255220546e-05,0.014158353574903026,0.0092651358953868
2025-06-25,-0.01876652169565507,-0.0036659245365152637,-0.015193474543456764,-0.02459790779114812,-0.01220215547031167,0.0005691328526193917,-0.00856035852809689,0.00896610887627336,-0.034110104966655896,-0.014777514164468375,-0.011543732059130396,-0.01805140692080165,-0.014870527033802428,-0.015260585469567212,0.0022864582708026493,-0.02050585743807798,-0.023299162224185488,-0.01775508024254624,-0.016914154075752363,-0.007509306276438088,-0.012400130933777787,0.003995260724102057,-0.008635140539693609,-0.024707399322250523,-0.01719050430592739,-0.018857977965336836,0.003273030433162294,-0.006053271144360051,0.006333578489295721,-0.010196184422783028,-0.020310884149109087,-0.009356716014199185,-0.012510855605251558,-0.019587585991684198,-0.009605932196021016,-0.011598574498017489,-0.015025834970841423,-0.018295576303529737,-0.008545510707231752,0.013798249724904288,0.0039445956042996055,-0.008182054365900582,-0.0043716013757257866,-0.017014407248390206,-0.0210864533834475,-0.013268531241701464,-0.037947582404945,-0.011625641047204538,0.006460533203232144,0.01033310353734862,0.03139450471862282
2025-06-26,0.031233154229562965,0.024199205109171285,0.007862316429375626,0.009373717043317686,0.006323533899643907,0.020171894295503145,0.027080084240733715,-0.01577800039018662,-0.00314685844012097,0.029912355737286456,0.008808386595250628,-0.0010998459316639009,0.003508918678430506,-0.006851859869224652,-0.011272093072065115,0.006334860040771106,0.01431303232410075,0.02140034814957059,-0.0007553836855437313,0.007909996381341378,0.008789024145309243,0.004532180165884192,0.014858856201851012,-0.01229632342303244,0.0003643880869945715,0.0035192494030369392,0.002401444434188882,0.00025914632639323365,0.016783155720204945,0.013647148449511093,0.0002802209534737976,-0.002656438894643065,0.007211751869874439,0.023133470879038942,0.028111113480185246,0.012130902256389353,0.004439970802625481,0.008497536728065302,-0.013113336304883094,0.0406204489670936,-0.005020568411803095,-0.005185386856102037,0.00812291850893665,-0.0027759957378047373,0.00936552410333169,-0.018181801105005113,-0.0054037218123500486,-0.003114841724254802,0.01906858965187097,0.007942505695275104,-0.0008832017291221517
2025-06-27,0.005982673081474266,0.028463559660798277,0.012363796109884806,0.02476825615284972,-0.0030688160680422127,0.0173570198020907,0.04165075083722547,0.014372558922381318,0.012276407529283828,0.011162589962322222,0.022270152420976075,0.01211168617417524,-0.018318935938387626,0.000740860588067882,0.001085801177026724,0.023740955531333707,0.015992481134877723,0.010577714796129012,0.011926808562557012,0.01564712068910379,0.011340059777484646,0.014415378911623034,0.03110804330037853,-0.0010499429540531402,0.003642693128259822,0.0013487789984396592,0.010848479869923322,0.014854488359127949,0.011462632100949444,0.014279379026923555,0.020726054017276896,0.017164782499040854,0.014997610785121962,0.03699903672028548,0.15190277999566448,0.013058252658339597,0.010540635495767559,0.01034080980863683,-0.005063619596627822,0.046030600706043145,0.013841998082581908,0.010108977661757557,0.0029399421083113886,0.010152266824676515,0.010322423765342315,-0.002507736646076064,-0.006599526995335614,0.0013328351760728552,0.014141966581243226,0.022020735416318438,0.00924855887199727
2025-06-30,-0.01620582712854257,-0.017510092291414314,-0.008141866364241857,0.02846385237591531,-0.015977777012328276,0.016881812560197496,0.03154807788447478,0.019981876549742372,-0.016285558238503417,0.01731214338016107,-0.01084450370933554,0.0017872074222997636,0.00943119540519688,0.00851337757979631,0.00949019696270259,-0.012180849718705145,0.004629647208502563,-0.009460572017230051,0.006889061906822924,0.0017277817685592556,0.009435286029277234,-0.005695003638207852,0.00316382801465398,0.009159168533443562,0.003629402547819627,-0.0029633785968963267,-0.007870186143166591,0.010892679397732863,-0.013825943452385858,-0.0009507798459222894,0.002126652926516037,0.0005819161590114863,-0.0005720227561052393,0.004955420215929207,-0.013881176947409868,0.0013762290265424415,0.010879245754459532,-0.0005685894664752,-0.004406114273152184,0.011728230972437137,-0.007490527514022793,-0.0025019522361731106,-0.005211196979187149,0.0008915595137000132,0.008035781693692234,0.02049896329642964,-0.018446995428822777,0.02083928369627963,-0.0051760205650788205,-0.010667534146334923,-0.0015498347864191242
